컨텐츠 아이디,공원 명,지번주소 코드,지번주소,도로명주소 코드,도로명주소,X좌표(LNG),Y좌표(LAT),컨텐츠상세필드명1,컨텐츠상세명11,컨텐츠상세필드명12,컨텐츠상세명12,컨텐츠상세필드명13,컨텐츠상세명13,컨텐츠상세필드명14,컨텐츠상세명14,컨텐츠상세필드명15,컨텐츠상세명15,컨텐츠상세필드명16,컨텐츠상세명16,컨텐츠상세필드명17,컨텐츠상세명17,컨텐츠상세필드명18,컨텐츠상세명18,컨텐츠상세필드명19,컨텐츠상세명19,컨텐츠상세필드명20,컨텐츠상세명20
용산구-신계역사공원-1,신계역사공원,1.12E+18,서울특별시 용산구 신계동 55,,서울특별시 용산구 청파로 139-25,126.9661111,37.53527778,공원명,,,,,,,,,,,,,,,,,,,
중구-쌍림어린이공원-1,쌍림어린이공원,,서울특별시 중구 광희동1가 240-2,,서울특별시 중구 퇴계로 303-3,127.0053056,37.56422222,공원명,,,,,,,,,,,,,,,,,,,
종로구-와룡공원-1,와룡공원,,서울특별시 종로구 명륜3가 1-1106,,서울특별시 종로구 명륜10길 30-8,126.9912222,37.59030556,공원명,,,,,,,,,,,,,,,,,,,
성북구-북악산근린공원-1,북악산근린공원,1.13E+18,서울특별시 성북구 성북동 226-65,,서울특별시 성북구 성북로31길 134,126.9892014,37.59237294,공원명,,,,,,,,,,,,,,,,,,,
성북구-북악산청소년체험의숲-1,북악산청소년체험의숲,1.13E+18,서울특별시 성북구 성북동 226-57,,서울특별시 성북구 성북로31길 126-9,126.9883205,37.59281866,공원명,,,,,,,,,,,,,,,,,,,
중부녹지-남산공원(한남자락)-2,남산공원(한남자락),1.12E+18,서울특별시 용산구 한남동 772-6,,,126.9979131,37.54162277,공원명,,,,,,,,,,,,,,,,,,,
중구-충현어린이공원-2,충현어린이공원,,서울특별시 중구 신당동 432-524,,서울특별시 중구 동호로11차길 1,127.0051527,37.55222392,공원명,,,,,,,,,,,,,,,,,,,
중구-충현어린이공원-1,충현어린이공원,,서울특별시 중구 신당동 432-524,,서울특별시 중구 동호로11차길 1,127.0051698,37.55220822,공원명,,,,,,,,,,,,,,,,,,,
서대문구-유아숲체험장-1,유아숲체험장,,서울특별시 서대문구 홍제동 산 1-168,,,126.953276,37.58900209,공원명,,,,,,,,,,,,,,,,,,,
중부녹지-남산공원(한남자락)-1,남산공원(한남자락),,서울특별시 용산구 한남동 772-14,,,126.9988889,37.54194444,공원명,,,,,,,,,,,,,,,,,,,
종로구-명륜어린이공원-1,명륜어린이공원,,서울특별시 종로구 명륜1가 23-9,,서울특별시 종로구 혜화로9길 24-9,126.9983056,37.58811111,공원명,,,,,,,,,,,,,,,,,,,
중부녹지-남산공원(한남자락)-7,남산공원(한남자락),1.12E+18,서울특별시 용산구 한남동 산 10-143,,,126.9992468,37.5410741,공원명,,,,,,,,,,,,,,,,,,,
성북구-우정의공원-1,우정의공원,1.13E+18,서울특별시 성북구 성북동 330-482,,서울특별시 성북구 성북로 181,126.9902868,37.59516616,공원명,,,,,,,,,,,,,,,,,,,
서대문구-창천근린공원-1,창천근린공원,1.14E+18,서울특별시 서대문구 창천동 4-47,,서울특별시 서대문구 연세로2라길 17-3,126.9400556,37.55777778,공원명,,,,,,,,,,,,,,,,,,,
중부녹지-낙산공원-5,낙산공원,1.11E+18,서울특별시 종로구 이화동 9-411,,서울특별시 종로구 낙산4길 46,127.0070556,37.57805556,공원명,,,,,,,,,,,,,,,,,,,
중구-다산동마을마당-1,다산동마을마당,1.11E+18,서울특별시 중구 신당동 432-1584,,서울특별시 중구 동호로15길 60,127.008679,37.55442667,공원명,,,,,,,,,,,,,,,,,,,
중부녹지-낙산공원-3,낙산공원,1.11E+18,서울특별시 종로구 종로6가 1-14,,서울특별시 종로구 낙산성곽서길 45,127.0086389,37.57441667,공원명,,,,,,,,,,,,,,,,,,,
용산구-응봉근린공원-1,응봉근린공원,1.12E+18,서울특별시 용산구 한남동 788-5,,서울특별시 용산구 한남대로40길 33,127.0036111,37.54333333,공원명,,,,,,,,,,,,,,,,,,,
중부수도-동대문디자인프라자(DDP),동대문디자인프라자(DDP),,서울특별시 중구 을지로7가 143,1.11E+21,서울특별시 중구 을지로 281,127.0103396,37.56708851,공원명,,,,,,,,,,,,,,,,,,,
용산구-한마음어린이공원-1,한마음어린이공원,1.12E+18,서울특별시 용산구 용산동5가 2-4,,서울특별시 용산구 한강대로38길 38,126.9699328,37.52856834,공원명,,,,,,,,,,,,,,,,,,,
서대문구-명물소공원-3,명물소공원,1.14E+18,서울특별시 서대문구 창천동 2-23,,서울특별시 서대문구 명물길 49,126.9391667,37.55894444,공원명,,,,,,,,,,,,,,,,,,,
중구-서소문구역제5지구소공원-1,서소문구역제5지구소공원,1.11E+18,서울특별시 중구 서소문동 111-2,,서울특별시 중구 세종대로 73,126.9756197,37.56293516,공원명,,,,,,,,,,,,,,,,,,,
중구-배채어린이공원-1,배재어린이공원,1.11E+18,서울특별시 중구 정동 34-31,,서울특별시 중구 서소문로11길 34,126.9727778,37.56430556,공원명,,,,,,,,,,,,,,,,,,,
중구-순화어린이공원,중구-순화어린이공원,,서울특별시 중구 순화동 216,,서울특별시 중구 서소문로 89-31,126.9712852,37.56343861,상세위치,,,,,,,,,,,,,,,,,,,
중구-정동 근린공원-1,정동 근린공원,1.11E+18,서울특별시 중구 정동 1-45,,서울특별시 중구 정동길 25,126.9716667,37.56736111,공원명,,,,,,,,,,,,,,,,,,,
중구-순화문화공원-1,순화문화공원,1.11E+18,서울특별시 중구 순화동 151,,서울특별시 중구 칠패로 27,,,공원명,,,,,,,,,,,,,,,,,,,
중구-서울로 7017-2,서울로 7017,1.11E+18,서울특별시 중구 남대문로5가 84-17,,서울특별시 중구 퇴계로 15,126.9745,37.55677778,공원명,,,,,,,,,,,,,,,,,,,
종로구-내수2근린공원-1,내수2근린공원,1.11E+18,서울특별시 종로구 내수동 110-50,,서울특별시 종로구 경희궁2길 8-3,126.9715243,37.57246441,공원명,,,,,,,,,,,,,,,,,,,
중구-서울로 7017-3,서울로 7017,1.11E+18,서울특별시 중구 봉래동2가 122,,서울특별시 중구 청파로 426,126.9695,37.55675,공원명,,,,,,,,,,,,,,,,,,,
광화문광장-1,광화문광장,,서울특별시 종로구 세종로 1-68,1.11E+21,서울특별시 종로구 세종대로 175,126.9766385,37.57308659,공원명,,,,,,,,,,,,,,,,,,,
중부녹지-남산공원(회현자락)-3,남산공원(회현자락),1.11E+18,서울특별시 중구 회현동1가 산 1-2,,서울특별시 중구 소파로 46,126.9789167,37.55536111,공원명,,,,,,,,,,,,,,,,,,,
종로구-내수1근린공원-1,내수1근린공원,1.11E+18,서울특별시 종로구 내수동 110-8,,서울특별시 종로구 경희궁2길 5-6,126.9709444,37.57352778,공원명,,,,,,,,,,,,,,,,,,,
중구-서울로 7017-1,서울로 7017,1.11E+18,서울특별시 중구 남대문로5가 67-4,,서울특별시 중구 퇴계로 33,126.969,37.55575,공원명,,,,,,,,,,,,,,,,,,,
중부녹지-남산공원(회현자락)-2,남산공원(회현자락),1.11E+18,서울특별시 중구 회현동1가 100-115,,,126.9801111,37.55502778,공원명,,,,,,,,,,,,,,,,,,,
중구-손기정공원-3,손기정공원,1.11E+18,서울특별시 중구 만리동2가 6-1,,서울특별시 중구 손기정로 101,126.9661667,37.55688889,공원명,,,,,,,,,,,,,,,,,,,
종로구-월암공원-1,월암공원,1.11E+18,서울특별시 종로구 송월동 1-1,,서울특별시 종로구 송월길 52,126.9656628,37.5710477,공원명,,,,,,,,,,,,,,,,,,,
용산구-새꿈어린이공원-1,새꿈어린이공원,1.12E+18,서울특별시 용산구 동자동 8-3,,서울특별시 용산구 후암로57길 31,126.9741908,37.55237627,공원명,,,,,,,,,,,,,,,,,,,
중부녹지-남산공원(회현자락)-1,남산공원(회현자락),1.11E+18,서울특별시 중구 회현동1가 100-177,,서울특별시 중구 소파로 46,126.9817222,37.55433333,공원명,,,,,,,,,,,,,,,,,,,
중구-명동 문화공원-1,명동 문화공원,,서울특별시 중구 저동1가 90-10,,서울특별시 중구 명동길 91-1,126.9871824,37.56470753,공원명,,,,,,,,,,,,,,,,,,,
종로구-사직공원-2,사직단,1.11E+18,서울특별시 종로구 사직동 1-28,,서울특별시 종로구 사직로 89,126.9683333,37.57561111,공원명,,,,,,,,,,,,,,,,,,,
중구-충정녹지대-1,충정녹지대,1.11E+18,서울특별시 중구 중림동 392-1,,서울특별시 중구 서소문로2길 33-4,126.9631944,37.55736111,공원명,,,,,,,,,,,,,,,,,,,
중구-손기정공원-2,손기정공원,1.11E+18,서울특별시 중구 만리동2가 6-1,,서울특별시 중구 손기정로 101,126.96475,37.55522222,공원명,,,,,,,,,,,,,,,,,,,
중부녹지-남산공원(회현자락)-4,남산공원(회현자락),,서울특별시 중구 회현동1가 100-267,,서울특별시 중구 남산공원길 649,126.9831935,37.55368242,공원명,,,,,,,,,,,,,,,,,,,
중구-손기정공원-1,손기정공원,1.11E+18,서울특별시 중구 만리동2가 176-1,,서울특별시 중구 만리재로 175,126.9643889,37.55508333,공원명,,,,,,,,,,,,,,,,,,,
경복궁-1,경복궁,1.11E+18,서울특별시 종로구 세종로 1-1,,서울특별시 종로구 사직로 161,126.97825,37.57752778,공원명,,,,,,,,,,,,,,,,,,,
종로구-탑골공원-1,탑골공원,1.11E+18,서울특별시 종로구 종로2가 38-1,,서울특별시 종로구 종로 99,126.9881667,37.57086111,공원명,,,,,,,,,,,,,,,,,,,
용산구-새나라어린이공원-1,새나라어린이공원,1.12E+18,서울특별시 용산구 후암동 190-2,,서울특별시 용산구 두텁바위로1나길 19,126.9763895,37.54798746,공원명,,,,,,,,,,,,,,,,,,,
종로구-운현궁공원-1,운현궁공원,1.11E+18,서울특별시 종로구 운니동 114-10,,서울특별시 종로구 삼일대로 464,126.9868609,37.57607887,공원명,,,,,,,,,,,,,,,,,,,
종로구-사직근린공원(교남체육공원),종로구-사직근린공원(교남체육공원),,서울특별시 종로구 행촌동 210-641,,서울특별시 종로구 통일로12길 76-17,126.9624125,37.57620126,상세위치,,,,,,,,,,,,,,,,,,,
서대문구-안산 자락길-1,안산 자락길,1.14E+18,서울특별시 서대문구 천연동 145,,서울특별시 서대문구 독립문로8길 54,126.9575518,37.5671552,공원명,,,,,,,,,,,,,,,,,,,
서대문구-굴레방소공원-1,굴레방소공원,1.14E+18,서울특별시 서대문구 북아현동 81,,서울특별시 서대문구 북아현로4라길 22-6,126.9579893,37.55833979,공원명,,,,,,,,,,,,,,,,,,,
중부녹지-남산공원(팔각자락)-1,남산공원(팔각자락),1.11E+18,서울특별시 중구 예장동 산 5-6,,서울특별시 중구 남산공원길 125-72,126.9875556,37.55186111,공원명,,,,,,,,,,,,,,,,,,,
경복궁-3,경복궁,1.11E+18,서울특별시 종로구 세종로 1-1,,서울특별시 종로구 삼청로 37,126.9774328,37.58177232,공원명,,,,,,,,,,,,,,,,,,,
종로구-북촌정독도서관음수대-1,북촌정독도서관음수대,1.11E+18,서울특별시 종로구 화동 78,,서울특별시 종로구 북촌로5가길 26,126.982,37.58083333,공원명,,,,,,,,,,,,,,,,,,,
중부녹지-남산공원(팔각자락)-2,남산공원(팔각자락),,서울특별시 중구 예장동 산 5-6,,서울특별시 중구 남산공원길 125-54,126.9880708,37.55174661,공원명,,,,,,,,,,,,,,,,,,,
종로구-영빈관 앞 분수광장2,종로구-영빈관 앞 분수광장2,,서울특별시 종로구 효자동 139,,서울특별시 종로구 효자로13길 45,126.9731966,37.5830397,상세위치,,,,,,,,,,,,,,,,,,,
종로구-영빈관 앞 분수광장,종로구-영빈관 앞 분수광장,,서울특별시 종로구 효자동 116-2,,서울특별시 종로구 효자로13길 45,126.9727057,37.58318083,상세위치,,,,,,,,,,,,,,,,,,,
중구-남산한옥마을-2,남산한옥마을,1.11E+18,서울특별시 중구 예장동 1-36,,서울특별시 중구 퇴계로32길 42,126.9931667,37.55891667,공원명,,,,,,,,,,,,,,,,,,,
중구-남산한옥마을-1,남산한옥마을,1.11E+18,서울특별시 중구 필동2가 84-1,,서울특별시 중구 퇴계로34길 28,126.9932222,37.55797222,공원명,,,,,,,,,,,,,,,,,,,
서대문구-한성어린이공원,서대문구-한성어린이공원,,서울특별시 서대문구 북아현동 1016-3,,서울특별시 서대문구 북아현로 29,126.9552569,37.55924794,상세위치,,,,,,,,,,,,,,,,,,,
종로구-무궁화동산-1,무궁화동산,1.11E+18,서울특별시 종로구 궁정동 55-3,,,126.9722629,37.58414013,공원명,,,,,,,,,,,,,,,,,,,
중구-남산한옥마을-3,남산한옥마을,1.11E+18,서울특별시 중구 필동2가 84-1,,서울특별시 중구 퇴계로34길 28,126.9935833,37.55702778,공원명,,,,,,,,,,,,,,,,,,,
중구-남산한옥마을-4,남산한옥마을,1.11E+18,서울특별시 중구 필동2가 84-1,,서울특별시 중구 퇴계로34길 28,126.9939167,37.55769444,공원명,,,,,,,,,,,,,,,,,,,
성북구-범바위 어린이공원,성북구-범바위 어린이공원,,서울특별시 성북구 안암동2가 140-3,,서울특별시 성북구 고려대로8길 5,127.0214518,37.58548599,상세주소,,,,,,,,,,,,,,,,,,,
서부녹지-독립공원-3,독립공원,1.14E+18,서울특별시 서대문구 현저동 101,,서울특별시 서대문구 통일로 251,126.9565479,37.57402334,공원명,,,,,,,,,,,,,,,,,,,
중구-남산한옥마을-5,남산한옥마을,1.11E+18,서울특별시 중구 필동2가 84-1,,서울특별시 중구 퇴계로34길 28,126.9945,37.55825,공원명,,,,,,,,,,,,,,,,,,,
중부녹지-남산공원(한남자락)-5,남산공원(한남자락),1.12E+18,서울특별시 용산구 용산동2가 산 1-3,,서울특별시 용산구 남산공원길 126,126.9908333,37.55111111,공원명,,,,,,,,,,,,,,,,,,,
종로구-무악배드민턴장,종로구-무악배드민턴장,,서울특별시 종로구 무악동 48,,서울특별시 종로구 통일로18가길 46,126.9582825,37.57765382,상세위치,,,,,,,,,,,,,,,,,,,
종로구-수성동 계곡,종로구-수성동 계곡,,서울특별시 종로구 옥인동 181-10,,서울특별시 종로구 옥인길 89,126.9634476,37.58227337,상세위치,,,,,,,,,,,,,,,,,,,
종로구-종묘-1,종묘,1.11E+18,서울특별시 종로구 훈정동 1-2,,서울특별시 종로구 종로 157,126.9924182,37.57655357,공원명,,,,,,,,,,,,,,,,,,,
종로구-종묘-3,종묘,1.11E+18,서울특별시 종로구 훈정동 1-2,,서울특별시 종로구 종로 157,126.9945556,37.57305556,공원명,,,,,,,,,,,,,,,,,,,
중구-필동마을마당-1,필동마을마당,1.11E+18,서울특별시 중구 필동2가 110-6,,서울특별시 중구 퇴계로36가길 54,126.9956111,37.55786111,공원명,,,,,,,,,,,,,,,,,,,
용산구-효창공원-3,효창공원,1.12E+18,서울특별시 용산구 청파동2가 53-12,,서울특별시 용산구 청파로47길 100,126.9631239,37.54531848,공원명,,,,,,,,,,,,,,,,,,,
용산구-효창공원-6,효창공원,1.12E+18,서울특별시 용산구 효창동 255,,서울특별시 용산구 효창원로 177-18,126.9613889,37.54638889,공원명,,,,,,,,,,,,,,,,,,,
서부녹지-독립공원-2,독립공원,1.14E+18,서울특별시 서대문구 현저동 101,,서울특별시 서대문구 통일로 251,126.9552369,37.57482626,공원명,,,,,,,,,,,,,,,,,,,
서부녹지-독립공원-5,독립공원,1.14E+18,서울특별시 서대문구 현저동 101,,서울특별시 서대문구 통일로 251,126.9553893,37.57527313,공원명,,,,,,,,,,,,,,,,,,,
용산구-효창공원-2,효창공원,1.12E+18,서울특별시 용산구 효창동 255,,서울특별시 용산구 효창원로 177-18,126.9622222,37.54527778,공원명,,,,,,,,,,,,,,,,,,,
서부녹지-독립공원-4,독립공원,1.14E+18,서울특별시 서대문구 현저동 101,,서울특별시 서대문구 통일로 251,126.9546773,37.57469073,공원명,,,,,,,,,,,,,,,,,,,
서대문구-너른바위어린이공원,서대문구-너른바위어린이공원,,서울특별시 서대문구 북아현동 1014-2,,서울특별시 서대문구 신촌로29길 11,126.9523005,37.55826531,상세위치,,,,,,,,,,,,,,,,,,,
종로구-종묘-2,종묘,1.11E+18,서울특별시 종로구 훈정동 1-2,,서울특별시 종로구 종로 157,126.9952222,37.57511111,공원명,,,,,,,,,,,,,,,,,,,
용산구-효창공원-5,효창공원,1.12E+18,서울특별시 용산구 효창동 255,,서울특별시 용산구 효창원로 177-18,126.9621163,37.5445455,공원명,,,,,,,,,,,,,,,,,,,
용산구-효창공원-1,효창공원,1.12E+18,서울특별시 용산구 효창동 255,,서울특별시 용산구 효창원로 177-18,126.9621355,37.54424589,공원명,,,,,,,,,,,,,,,,,,,
용산구-효창공원-4,효창공원,1.12E+18,서울특별시 용산구 효창동 255,,서울특별시 용산구 효창원로 177-18,126.9609982,37.5449753,공원명,,,,,,,,,,,,,,,,,,,
서대문구-모래내어린이공원-1,서대문구-모래내어린이공원-1,1.14E+18,서울특별시 서대문구 북아현동 1013-4,,서울특별시 서대문구 북아현로1가길 20,126.9516057,37.55858171,공원,,,,,,,,,,,,,,,,,,,
서대문구-북성어린이공원,서대문구-북성어린이공원,,서울특별시 서대문구 북아현동 1013-4,,서울특별시 서대문구 북아현로1나길 25,126.9514599,37.55863727,상세위치,,,,,,,,,,,,,,,,,,,
동대문구-정릉천-1,정릉천,1.12E+18,서울특별시 동대문구 용두동 237-22,,서울특별시 동대문구 천호대로25길 73,127.0342348,37.5775845,공원명,,,,,,,,,,,,,,,,,,,
서대문구-명수 어린이공원-1,명수 어린이공원,1.14E+18,서울특별시 서대문구 북아현동 1-1563,,서울특별시 서대문구 북아현로11길 100,126.9508333,37.56022222,공원명,,,,,,,,,,,,,,,,,,,
서대문구-안산 현저지구-1,안산 현저지구,1.14E+18,서울특별시 서대문구 현저동 1-114,,서울특별시 서대문구 통일로17길 48-2,126.9534444,37.57766667,공원명,,,,,,,,,,,,,,,,,,,
중구-묵정공원-1,묵정공원,1.11E+18,서울특별시 중구 충무로5가 21,,서울특별시 중구 퇴계로45길 32-12,127,37.56383333,공원명,,,,,,,,,,,,,,,,,,,
용산구-소월길어린이공원-1,소월길어린이공원,1.12E+18,서울특별시 용산구 이태원동 261-87,,서울특별시 용산구 소월로38길 42,126.9893426,37.54350139,공원명,,,,,,,,,,,,,,,,,,,
종로구-삼청공원-1,삼청공원,1.11E+18,서울특별시 종로구 삼청동 산 2-2,,서울특별시 종로구 북촌로 134-3,126.9840278,37.58841667,공원명,,,,,,,,,,,,,,,,,,,
종로구-삼청공원-2,삼청공원,1.11E+18,서울특별시 종로구 삼청동 산 2-2,,서울특별시 종로구 북촌로 134-3,126.98475,37.58858333,공원명,,,,,,,,,,,,,,,,,,,
창경궁-1,창경궁,1.11E+18,서울특별시 종로구 와룡동 2-1,,서울특별시 종로구 창경궁로 185,126.9951667,37.58122222,공원명,,,,,,,,,,,,,,,,,,,
마포구-쌍용산 어린이공원-1,쌍용산 어린이공원,1.14E+18,서울특별시 마포구 아현동 770,,서울특별시 마포구 마포대로11길 44-81,126.9506667,37.55213889,공원명,,,,,,,,,,,,,,,,,,,
중부녹지-남산공원(장충자락)-2,남산공원(장충자락),,서울특별시 중구 장충동2가 산 14-102,1.11E+21,서울특별시 중구 남산공원길 372,126.9999167,37.55469444,공원명,,,,,,,,,,,,,,,,,,,
시설관리공단-청계천-2,청계천,1.11E+18,서울특별시 종로구 종로5가 398-19,,서울특별시 종로구 청계천로 215,127.0015278,37.56963889,공원명,,,,,,,,,,,,,,,,,,,
중부녹지-남산공원(장충자락)-3,남산공원(장충자락),1.11E+18,서울특별시 중구 장충동2가 산 14-21,,,126.9989444,37.55063889,공원명,,,,,,,,,,,,,,,,,,,
종로구-연지1어린이공원-1,연지1어린이공원,1.11E+18,서울특별시 종로구 연지동 135,,서울특별시 종로구 대학로3길 29,127.0010268,37.57418593,공원명,,,,,,,,,,,,,,,,,,,
서부녹지-경의선 숲길공원-1,경의선 숲길공원,1.12E+18,서울특별시 용산구 신계동 48,,서울특별시 용산구 원효로 216,126.967072,37.53694705,공원명,,,,,,,,,,,,,,,,,,,
중부녹지-남산공원(한남자락)-4,남산공원(한남자락),,서울특별시 용산구 이태원동 259-16,,,126.9945787,37.54341575,공원명,,,,,,,,,,,,,,,,,,,
중부녹지-남산공원(장충자락),중부녹지-남산공원(장충자락)-7,,서울특별시 중구 장충동2가 산 14-77,,서울특별시 중구 장충단로 91,127.0017342,37.55382562,상세위치,,,,,,,,,,,,,,,,,,,
중구-훈련원공원-1,훈련원공원,1.11E+18,서울특별시 중구 을지로5가 40-3,,서울특별시 중구 을지로 227,127.0036005,37.56733077,공원명,,,,,,,,,,,,,,,,,,,
서부녹지-경의선 숲길공원-2,경의선 숲길공원,1.12E+18,서울특별시 용산구 용문동 32-48,,서울특별시 용산구 새창로 93,126.9593953,37.53925116,공원명,,,,,,,,,,,,,,,,,,,
서대문구-봉원소공원-1,봉원소공원,1.14E+18,서울특별시 서대문구 봉원동 51-9,,서울특별시 서대문구 봉원사길 65,126.9455,37.56958333,공원명,,,,,,,,,,,,,,,,,,,
용산구-삼각지어린이공원-1,삼각지어린이공원,1.12E+18,서울특별시 용산구 용산동3가 6-40,,서울특별시 용산구 이태원로2길 10,126.9752778,37.53444444,공원명,,,,,,,,,,,,,,,,,,,
중부녹지-남산공원(장충자락)-1,남산공원(장충자락),1.11E+18,서울특별시 중구 장충동2가 197,,서울특별시 중구 동호로 257-10,127.0041389,37.55813889,공원명,,,,,,,,,,,,,,,,,,,
중부녹지-남산공원(한남자락)-3,남산공원(한남자락),1.12E+18,서울특별시 용산구 이태원동 258-87,,서울특별시 용산구 소월로 302,126.9952778,37.54222222,공원명,,,,,,,,,,,,,,,,,,,
서부녹지-경의선숲길-3,경의선숲길,1.14E+18,서울특별시 마포구 창전동 1-31,,서울특별시 마포구 와우산로32길 38-2,126.9321785,37.55449366,공원명,,,,,,,,,,,,,,,,,,,
동부녹지-응봉근린공원-3,응봉근린공원,1.12E+18,서울특별시 성동구 금호동2가 1,,서울특별시 성동구 금호로 173,127.0173862,37.55515662,공원명,,,,,,,,,,,,,,,,,,,
중구-황학어린이공원-1,황학어린이공원,1.11E+18,서울특별시 중구 황학동 755,,서울특별시 중구 다산로48길 33,127.0182155,37.56746568,공원명,,,,,,,,,,,,,,,,,,,
동부녹지-응봉근린공원-6,응봉근린공원,1.12E+18,서울특별시 성동구 금호동2가 산 9-1,,서울특별시 성동구 금호산9가길 57-9,127.0166667,37.55194444,공원명,,,,,,,,,,,,,,,,,,,
동부녹지-응봉근린공원-1,응봉근린공원,1.12E+18,서울특별시 성동구 금호동3가 1331,,서울특별시 성동구 동호로 100,127.0166667,37.55166667,공원명,,,,,,,,,,,,,,,,,,,
동부녹지-응봉근린공원-5,응봉근린공원,1.12E+18,서울특별시 성동구 금호동2가 산 9-3,,서울특별시 성동구 매봉18길 79,127.0169444,37.55222222,공원명,,,,,,,,,,,,,,,,,,,
서대문구-중앙소공원-1,중앙소공원,,서울특별시 서대문구 홍은동 9-497,,서울특별시 서대문구 홍은중앙로8길 2-9,126.9474722,37.59872222,공원명,,,,,,,,,,,,,,,,,,,
용산구-신용산초등학교-1,신용산초등학교,1.12E+18,서울특별시 용산구 이촌동 301-75,,서울특별시 용산구 이촌로 255,126.9761111,37.52,공원명,,,,,,,,,,,,,,,,,,,
중구-다산청렴공원-1,다산어린이공원,,서울특별시 중구 신당동 123-1,1.11E+21,서울특별시 중구 다산로42다길 5,127.0189167,37.56408333,공원명,,,,,,,,,,,,,,,,,,,
서대문구-궁뜰 어린이 공원-1,궁뜰 어린이 공원,1.14E+18,서울특별시 서대문구 연희동 124-44,,서울특별시 서대문구 연희로15길 31,126.9304579,37.56895423,공원명,,,,,,,,,,,,,,,,,,,
종로구-숭인공원-3,숭인공원,1.11E+18,서울특별시 종로구 숭인동 56-117,,서울특별시 종로구 지봉로12길 22,127.01725,37.57727778,공원명,,,,,,,,,,,,,,,,,,,
성동구-옥정소공원,성동구-옥정소공원,,서울특별시 성동구 옥수동 562-1,,서울특별시 성동구 매봉길 21,127.015308,37.54565689,상세주소,,,,,,,,,,,,,,,,,,,
중부녹지-용산가족공원-1,용산가족공원,1.12E+18,서울특별시 용산구 용산동6가 68-90,,서울특별시 용산구 서빙고로 185,126.9847143,37.52066129,공원명,,,,,,,,,,,,,,,,,,,
종로구-숭인공원-1,숭인공원,1.11E+18,서울특별시 종로구 숭인동 179-67,,서울특별시 종로구 종로63가길 43-9,127.018,37.57619444,공원명,,,,,,,,,,,,,,,,,,,
용산구-한남더힐마을마당-1,한남더힐마을마당,1.12E+18,서울특별시 용산구 한남동 810,,서울특별시 용산구 독서당로 111,127.009524,37.53561898,공원명,,,,,,,,,,,,,,,,,,,
한강사업본부-한강시민공원(이촌지구)-15,한강시민공원(이촌지구),1.12E+18,서울특별시 용산구 이촌동 360,,,126.9644283,37.52003699,공원명,,,,,,,,,,,,,,,,,,,
한강사업본부-한강시민공원(이촌지구)-17,한강시민공원(이촌지구),1.12E+18,서울특별시 용산구 이촌동 380,,,126.9582533,37.52186111,공원명,,,,,,,,,,,,,,,,,,,
종로구-숭인공원-2,숭인공원,1.11E+18,서울특별시 종로구 숭인동 179-16,,서울특별시 종로구 종로63가길 59-3,127.0183056,37.57677778,공원명,,,,,,,,,,,,,,,,,,,
종로구-숭인공원-4,숭인공원,1.11E+18,서울특별시 종로구 숭인동 58,,서울특별시 종로구 동망산길 150,127.0182348,37.57722059,공원명,,,,,,,,,,,,,,,,,,,
서대문구-홍박소공원-1,홍박소공원,,서울특별시 서대문구 홍은동 11-36,,서울특별시 서대문구 홍은중앙로9길 52-3,126.9488056,37.60155556,공원명,,,,,,,,,,,,,,,,,,,
성동구-달맞이근린공원-1,달맞이근린공원,1.12E+18,서울특별시 성동구 금호동4가 산 28-1,,서울특별시 성동구 독서당로44길 25,127.0204506,37.54514609,공원명,,,,,,,,,,,,,,,,,,,
한강사업본부-한강시민공원(이촌지구)-5,한강시민공원(이촌지구),1.12E+18,서울특별시 용산구 용산동6가 452-1,,,126.9830822,37.51527758,공원명,,,,,,,,,,,,,,,,,,,
마포구-와우근린공원(서강 어린이)-1,와우근린공원(서강 어린이),,서울특별시 마포구 창전동 42-7,,서울특별시 마포구 와우산로30길 135,126.9271788,37.54984786,공원명,,,,,,,,,,,,,,,,,,,
한강사업본부-한강시민공원(이촌지구)-7,한강시민공원(이촌지구),1.12E+18,서울특별시 용산구 용산동6가 450-1,,,126.9860803,37.51578416,공원명,,,,,,,,,,,,,,,,,,,
성북구-성북천공원-3,성북천공원,1.13E+18,서울특별시 성북구 동선동2가 1-2,,서울특별시 성북구 고려대로7길 120,127.0170833,37.59008333,공원명,,,,,,,,,,,,,,,,,,,
성동구-무학봉근린공원-1,무학봉근린공원,1.12E+18,서울특별시 중구 신당동 산 12-75,,서울특별시 중구 난계로6길 8,127.0246828,37.56232716,공원명,,,,,,,,,,,,,,,,,,,
한강-한강시민공원(이촌안내센터)-1,한강시민공원(이촌안내센터),1.12E+18,서울특별시 성동구 옥수동 490-6,,,127.0187712,37.54048828,공원명,,,,,,,,,,,,,,,,,,,
한강사업본부-한강시민공원(이촌지구)-3,한강시민공원(이촌지구),1.12E+18,서울특별시 용산구 서빙고동 291-2,,,126.9879866,37.51583074,공원명,,,,,,,,,,,,,,,,,,,
성동구-견우어린이공원,성동구-견우어린이공원,,서울특별시 성동구 상왕십리동 816-3,,서울특별시 성동구 왕십리로 410,127.0247784,37.56644131,상세위치,,,,,,,,,,,,,,,,,,,
서대문구-백련근린공원-4,백련근린공원(논골지구),1.14E+18,서울특별시 서대문구 홍은동 산 11-41,,서울특별시 서대문구 연희로41길 142,126.9351104,37.59502313,공원명,,,,,,,,,,,,,,,,,,,
중구-무학봉근린공원-1,무학봉근린공원,,서울특별시 중구 신당동 산 12-75,,서울특별시 중구 난계로6길 8,127.0248611,37.56222222,공원명,,,,,,,,,,,,,,,,,,,
서대문구-궁둥 근린공원(샘터)-1,궁둥 근린공원(샘터),,서울특별시 서대문구 연희동 444-114,1.14E+21,서울특별시 서대문구 연희로11아길 20-22,126.9248889,37.57066667,공원명,,,,,,,,,,,,,,,,,,,
한강사업본부-이촌한강공원-3,이촌한강공원,1.12E+18,서울특별시 성동구 옥수동 168-1,,서울특별시 성동구 동호로 21,127.0196141,37.54142912,공원명,,,,,,,,,,,,,,,,,,,
서대문구-홍연 어린이공원-1,홍연 어린이공원,,서울특별시 서대문구 홍은동 402-29,,서울특별시 서대문구 증가로10길 96-9,126.9269167,37.58013889,공원명,,,,,,,,,,,,,,,,,,,
서대문구-홍록배드민턴장-1,홍록배드민턴장,,서울특별시 서대문구 홍은동 산 1-85,,,126.9409444,37.60161111,공원명,,,,,,,,,,,,,,,,,,,
종로구-참샘골어린이공원-1,참샘골어린이공원,1.11E+18,서울특별시 종로구 평창동 476-25,,서울특별시 종로구 평창길 272,126.9746389,37.61491667,공원명,,,,,,,,,,,,,,,,,,,
성동구-논골새싹어린이공원-1,논골새싹어린이공원,,서울특별시 성동구 금호동1가 164-1,,서울특별시 성동구 행당로5길 15-1,127.0250833,37.55697222,공원명,,,,,,,,,,,,,,,,,,,
성북구-꿈나라어린이공원-1,꿈나라어린이공원,1.13E+18,서울특별시 성북구 보문동7가 109-1,,서울특별시 성북구 안암로1길 22,127.0231045,37.57989483,공원명,,,,,,,,,,,,,,,,,,,
성북구-성북천공원-1,성북천공원,1.13E+18,서울특별시 성북구 안암동4가 6,,서울특별시 성북구 안암로5길 44-1,127.0231516,37.58094959,공원명,,,,,,,,,,,,,,,,,,,
서대문구-백련근린공원-1,백련근린공원,,서울특별시 서대문구 홍은동 188-72,,서울특별시 서대문구 연희로41길 162,126.934591,37.5963028,공원명,,,,,,,,,,,,,,,,,,,
서대문구-연남어린이공원,서대문구-연남어린이공원,,서울특별시 서대문구 남가좌동 326-8,,서울특별시 서대문구 증가로8길 36,126.9252704,37.57832695,상세위치,,,,,,,,,,,,,,,,,,,
마포구-동교어린이 공원-1,동교어린이 공원,1.14E+18,서울특별시 마포구 동교동 197-17,,서울특별시 마포구 연남로 3,126.9233333,37.56019444,공원명,,,,,,,,,,,,,,,,,,,
마포구-와우 어린이공원-1,와우 어린이공원,1.14E+18,서울특별시 마포구 상수동 72-7,,서울특별시 마포구 독막로19길 20-13,126.9253889,37.54880556,공원명,,,,,,,,,,,,,,,,,,,
서대문구-연서 어린이공원-1,연서 어린이공원,1.14E+18,서울특별시 서대문구 연희동 519-130,,서울특별시 서대문구 홍제천로 70-1,126.9232222,37.57219444,공원명,,,,,,,,,,,,,,,,,,,
서대문구-홍제천변 음수대-2,홍제천변 음수대,1.14E+18,서울특별시 서대문구 남가좌동 332-27,,서울특별시 서대문구 모래내로 213,126.9233611,37.57344444,공원명,,,,,,,,,,,,,,,,,,,
성동구-무학봉어린이공원-2,무학봉어린이공원,1.12E+18,서울특별시 성동구 하왕십리동 1052,,서울특별시 성동구 난계로 114-31,127.027,37.562,공원명,,,,,,,,,,,,,,,,,,,
성동구-무학봉어린이공원-1,무학봉어린이공원,1.12E+18,서울특별시 성동구 하왕십리동 990-7,,서울특별시 성동구 왕십리로31길 29,127.027102,37.56159777,공원명,,,,,,,,,,,,,,,,,,,
성동구-무학봉어린이공원-3,무학봉어린이공원,1.12E+18,서울특별시 성동구 하왕십리동 890-349,,서울특별시 성동구 왕십리로31길 21-1,127.0273889,37.56275,공원명,,,,,,,,,,,,,,,,,,,
한강사업본부-이촌한강공원-2,이촌한강공원,1.12E+18,서울특별시 성동구 금호동4가 1524-1,,,127.0227828,37.54244697,공원명,,,,,,,,,,,,,,,,,,,
한강사업본부-이촌한강공원-1,이촌한강공원,1.12E+18,서울특별시 성동구 금호동4가 1523-2,,,127.0234275,37.54341402,공원명,,,,,,,,,,,,,,,,,,,
한강사업본부-한강시민공원(여의도안내센터)-16,한강시민공원(여의도안내센터),1.16E+18,서울특별시 영등포구 여의도동 86-8,,서울특별시 영등포구 여의동로 280,126.9386286,37.52472139,공원명,,,,,,,,,,,,,,,,,,,
성동구-꽃재어린이공원,성동구-꽃재어린이공원,,서울특별시 성동구 하왕십리동 1069,,서울특별시 성동구 마장로 161,127.0282638,37.56723495,상세위치,,,,,,,,,,,,,,,,,,,
한강사업본부-한강시민공원(여의도안내센터)-20,한강시민공원(여의도안내센터),1.16E+18,서울특별시 영등포구 여의도동 85,,,126.9371312,37.52519198,공원명,,,,,,,,,,,,,,,,,,,
동부녹지-응봉근린공원-9,응봉근린공원,1.12E+18,서울특별시 성동구 금호동1가 산 37-1,,서울특별시 성동구 독서당로57가길 24,127.0278686,37.55406105,공원명,,,,,,,,,,,,,,,,,,,
동대문구-용두5구역어린이공원-1,용두5구역어린이공원,,서울특별시 동대문구 용두동 251-21,,서울특별시 동대문구 청계천로 461,127.0285402,37.57100234,공원명,,,,,,,,,,,,,,,,,,,
동대문구-성북천-1,성북천,1.12E+18,서울특별시 동대문구 용두동 238-170,,서울특별시 동대문구 천호대로9길 6,127.0281389,37.57433333,공원명,,,,,,,,,,,,,,,,,,,
동작구-노들나루공원(노량진배수지시민공원)-1,노들나루공원(노량진배수지시민공원),1.16E+18,서울특별시 동작구 본동 258-1,,서울특별시 동작구 노량진로 247,126.9543333,37.51361111,공원명,,,,,,,,,,,,,,,,,,,
동부녹지-응봉근린공원-7,응봉근린공원,1.12E+18,서울특별시 성동구 금호동1가 산 37-1,,서울특별시 성동구 독서당로57가길 24,127.0282256,37.55355547,공원명,,,,,,,,,,,,,,,,,,,
서대문구-명물소공원-1,명물소공원,1.14E+18,서울특별시 서대문구 창천동 2-23,,서울특별시 서대문구 명물길 49,126.9391389,37.55897222,공원명,,,,,,,,,,,,,,,,,,,
한강사업본부-한강시민공원(이촌지구)-16,한강시민공원(이촌지구),1.12E+18,서울특별시 용산구 이촌동 376,,서울특별시 용산구 양녕로 495,126.959046,37.52140055,공원명,,,,,,,,,,,,,,,,,,,
성북구-성북근린공원-1,성북근린공원,1.13E+18,서울특별시 성북구 성북동 168-274,,,127.00725,37.59641667,공원명,,,,,,,,,,,,,,,,,,,
마포구-현석어린이공원-1,현석어린이공원,1.14E+18,서울특별시 마포구 현석동 22,,서울특별시 마포구 신수로 27-8,126.9333333,37.54430556,공원명,,,,,,,,,,,,,,,,,,,
한강사업본부-한강시민공원(이촌지구)-14,한강시민공원(이촌지구),1.12E+18,서울특별시 용산구 이촌동 370-1,,,126.9660453,37.51902579,공원명,,,,,,,,,,,,,,,,,,,
마포구-와우산 체육공원-1,와우산 체육공원,,서울특별시 마포구 창전동 3-242,1.14E+21,서울특별시 마포구 와우산로30길 81,126.93025,37.55227778,공원명,,,,,,,,,,,,,,,,,,,
한강사업본부-한강시민공원(이촌지구)-11,한강시민공원(이촌지구),1.12E+18,서울특별시 용산구 이촌동 302-17,,,126.9691505,37.51837954,공원명,,,,,,,,,,,,,,,,,,,
서대문구-연희푸르지오공원-1,연희푸르지오공원,,서울특별시 서대문구 연희동 747-1,1.14E+21,서울특별시 서대문구 홍연길 63-4,126.9300289,37.5765933,공원명,,,,,,,,,,,,,,,,,,,
성동구-금호근린공원-1,금호근린공원,1.12E+18,서울특별시 성동구 금호동3가 1266,,서울특별시 성동구 금호산9길 9,127.0188889,37.54972222,공원명,,,,,,,,,,,,,,,,,,,
성북구-동망봉어린이공원-1,동망봉어린이공원,,서울특별시 성북구 보문동3가 229-1,,서울특별시 성북구 보문사길 30,127.0170556,37.58377778,공원명,,,,,,,,,,,,,,,,,,,
서대문구-홍제천변 음수대-3,홍제천변 음수대,1.14E+18,서울특별시 서대문구 홍은동 405-8,,서울특별시 서대문구 모래내로 285,126.9299722,37.57755556,공원명,,,,,,,,,,,,,,,,,,,
마포구-현석동 마을마당-1,현석동 마을마당,1.14E+18,서울특별시 마포구 현석동 159-3,,서울특별시 마포구 신수로3길 3-11,126.9335,37.54208333,공원명,,,,,,,,,,,,,,,,,,,
성동구-대현산배수지공원-2,대현산배수지공원,1.12E+18,서울특별시 성동구 금호동1가 101,,서울특별시 성동구 금호로 166-1,127.0210319,37.55603676,공원명,,,,,,,,,,,,,,,,,,,
용산구-이촌한우리공원-1,이촌한우리공원,1.12E+18,서울특별시 용산구 이촌동 301-165,,서울특별시 용산구 이촌로 318,126.981307,37.51753445,공원명,,,,,,,,,,,,,,,,,,,
한강사업본부-한강시민공원(이촌지구)-13,한강시민공원(이촌지구),1.12E+18,서울특별시 용산구 이촌동 302-17,,서울특별시 용산구 이촌로72길 62,126.9691667,37.51722222,공원명,,,,,,,,,,,,,,,,,,,
마포구-서강나루문화공원-1,서강나루문화공원,,서울특별시 마포구 창전동 150-32,,서울특별시 마포구 토정로 185,126.9312778,37.54536111,공원명,,,,,,,,,,,,,,,,,,,
한강사업본부-한강시민공원망원지구-3,한강시민공원망원지구,1.14E+18,서울특별시 마포구 현석동 218,,,126.9330278,37.54172222,공원명,,,,,,,,,,,,,,,,,,,
성동구-대현산배수지공원-1,대현산배수지공원,1.12E+18,서울특별시 중구 신당동 36,,,127.0216737,37.55836034,공원명,,,,,,,,,,,,,,,,,,,
한강사업본부-한강시민공원(이촌지구)-12,한강시민공원(이촌지구),1.12E+18,서울특별시 용산구 이촌동 302-17,,서울특별시 용산구 이촌로72길 62,126.9694444,37.51694444,공원명,,,,,,,,,,,,,,,,,,,
서대문구-홍남어린이공원,서대문구-홍남어린이공원,,서울특별시 서대문구 홍은동 405-3,,서울특별시 서대문구 증가로4길 81,126.9292132,37.57811398,상세위치,,,,,,,,,,,,,,,,,,,
국립서울현충원-현충원-11,현충원,,서울특별시 동작구 동작동 187-9,1.16E+21,서울특별시 동작구 현충로 210,126.977388,37.50143474,공원명,,,,,,,,,,,,,,,,,,,
서대문구-북한산 호박골지구-1,북한산 호박골지구,,서울특별시 서대문구 홍은동 10-6,,서울특별시 서대문구 홍은중앙로9나길 55-27,126.9471667,37.60302778,공원명,,,,,,,,,,,,,,,,,,,
한강사업본부-한강시민공원(이촌지구)-10,한강시민공원(이촌지구),1.12E+18,서울특별시 용산구 이촌동 302-17,,,126.9719982,37.51652425,공원명,,,,,,,,,,,,,,,,,,,
종로구-숭인어린이놀이터-1,숭인어린이놀이터,1.11E+18,서울특별시 종로구 숭인동 520,,서울특별시 종로구 숭인동1나길 19-12,127.0204444,37.57788889,공원명,,,,,,,,,,,,,,,,,,,
한강사업본부-한강시민공원(이촌지구)-20,한강시민공원(이촌지구),1.12E+18,서울특별시 용산구 이촌동 302-133,,,126.9729553,37.51640234,공원명,,,,,,,,,,,,,,,,,,,
서대문구-정원소공원-1,정원소공원,1.14E+18,서울특별시 서대문구 홍은동 265-138,,서울특별시 서대문구 연희로39길 78,126.9323889,37.58641667,공원명,,,,,,,,,,,,,,,,,,,
서대문구-북한산 홍은한마당-1,북한산 홍은한마당,,서울특별시 서대문구 홍은동 14-22,,서울특별시 서대문구 홍은중앙로3길 84,126.9442778,37.60113889,공원명,,,,,,,,,,,,,,,,,,,
서대문구-궁동산 놀이터-1,궁동산 놀이터,1.14E+18,서울특별시 서대문구 연희동 105-12,,서울특별시 서대문구 연희로11자길 14-42,126.9275833,37.57291667,공원명,,,,,,,,,,,,,,,,,,,
서대문구-북한산 돌산축구장-1,북한산 돌산축구장,,서울특별시 서대문구 홍은동 10-305,,,126.9466111,37.60313889,공원명,,,,,,,,,,,,,,,,,,,
한강사업본부-한강시민공원(이촌지구)-8,한강시민공원(이촌지구),1.12E+18,서울특별시 용산구 이촌동 338-1,,,126.975,37.51583333,공원명,,,,,,,,,,,,,,,,,,,
한강사업본부-한강시민공원(이촌지구)-1,한강시민공원(이촌지구),1.12E+18,서울특별시 용산구 한남동 782-1,,,127.007376,37.52833387,공원명,,,,,,,,,,,,,,,,,,,
한강사업본부-한강시민공원(이촌지구)-9,한강시민공원(이촌지구),1.12E+18,서울특별시 용산구 이촌동 363-1,,,126.9782449,37.51566643,공원명,,,,,,,,,,,,,,,,,,,
종로구-감나무골어린이공원-1,감나무골어린이공원,1.11E+18,서울특별시 종로구 평창동 495-6,,서울특별시 종로구 평창길 212-6,126.9706111,37.61263889,공원명,,,,,,,,,,,,,,,,,,,
서대문구-백련근린공원-2,백련근린공원,,서울특별시 서대문구 홍은동 199-3,,서울특별시 서대문구 연희로41가길 21-8,126.9335781,37.59019136,공원명,,,,,,,,,,,,,,,,,,,
서대문구-백련근린공원-3,백련근린공원,,서울특별시 서대문구 홍은동 265-147,,서울특별시 서대문구 연희로39나길 30,126.9321033,37.58788585,공원명,,,,,,,,,,,,,,,,,,,
성동구-미소어린이공원-1,미소어린이공원,1.12E+18,서울특별시 성동구 하왕십리동 1058,,서울특별시 성동구 난계로 73,127.0234167,37.55975,공원명,,,,,,,,,,,,,,,,,,,
한강사업본부-한강시민공원(이촌지구)-6,한강시민공원(이촌지구),1.12E+18,서울특별시 용산구 이촌동 363-1,,,126.9802,37.51522212,공원명,,,,,,,,,,,,,,,,,,,
용산구-노들섬-1,노들섬,1.12E+18,서울특별시 용산구 이촌동 302-146,,서울특별시 용산구 양녕로 445,126.9584903,37.51764612,공원명,,,,,,,,,,,,,,,,,,,
한강사업본부-한강시민공원(이촌지구)-2,한강시민공원(이촌지구),1.12E+18,서울특별시 용산구 보광동 445-1,,,127.0021445,37.52321703,공원명,,,,,,,,,,,,,,,,,,,
한강사업본부-한강시민공원(이촌지구)-4,한강시민공원(이촌지구),1.12E+18,서울특별시 용산구 서빙고동 288,,,126.9868409,37.5162449,공원명,,,,,,,,,,,,,,,,,,,
서대문구-명물소공원-2,명물소공원,1.14E+18,서울특별시 서대문구 창천동 2-23,,서울특별시 서대문구 명물길 49,126.9391111,37.55897222,공원명,,,,,,,,,,,,,,,,,,,
중부녹지-낙산공원-6,낙산공원,1.11E+18,서울특별시 종로구 동숭동 50-111,,서울특별시 종로구 낙산길 54,127.0070278,37.58025,공원명,,,,,,,,,,,,,,,,,,,
시설관리공단-청계천-1,청계천,1.11E+18,서울특별시 종로구 창신동 436-91,,서울특별시 종로구 청계천로 295,127.0103784,37.569822,공원명,,,,,,,,,,,,,,,,,,,
중부녹지-낙산공원-4,낙산공원,1.11E+18,서울특별시 종로구 이화동 9-318,,서울특별시 종로구 낙산성곽서길 103-2,127.0085833,37.57688889,공원명,,,,,,,,,,,,,,,,,,,
서대문구-인왕산 쌈지마당-1,인왕산 쌈지마당,1.14E+18,서울특별시 서대문구 홍제동 10-9,,서울특별시 서대문구 문화촌2길 26,126.9503048,37.59102757,공원명,,,,,,,,,,,,,,,,,,,
성북구-성북동쉼터-1,성북동쉼터,,서울특별시 종로구 명륜1가 1,,서울특별시 종로구 혜화로 63,126.9981111,37.592,공원명,,,,,,,,,,,,,,,,,,,
서대문구-홍제아이파크놀이터-1,홍제아이파크놀이터,1.14E+18,서울특별시 서대문구 홍제동 473-1,,서울특별시 서대문구 모래내로24길 1,126.944147,37.58437838,공원명,,,,,,,,,,,,,,,,,,,
중부녹지-낙산공원-7,낙산공원,1.13E+18,서울특별시 성북구 삼선동1가 292-5,,서울특별시 성북구 삼선교로4길 114-14,127.00675,37.58216667,공원명,,,,,,,,,,,,,,,,,,,
종로구-창이어린이놀이터-1,창이어린이놀이터,1.11E+18,서울특별시 종로구 창신동 622-2,,서울특별시 종로구 낙산성곽동길 69,127.0085992,37.5786388,공원명,,,,,,,,,,,,,,,,,,,
서부녹지-경의선숲길-2,경의선숲길,1.14E+18,서울특별시 마포구 대흥동 405-4,,서울특별시 마포구 독막로 257,126.942213,37.54642486,공원명,,,,,,,,,,,,,,,,,,,
마포구-도화소 어린이공원-1,도화소 어린이공원,1.14E+18,서울특별시 마포구 도화동 544,,서울특별시 마포구 큰우물로 76,126.9456944,37.54111111,공원명,,,,,,,,,,,,,,,,,,,
마포구-대흥어린이공원-1,대흥어린이공원,1.14E+18,서울특별시 마포구 대흥동 549-2,,서울특별시 마포구 토정로31길 55-10,126.9435833,37.54363889,공원명,,,,,,,,,,,,,,,,,,,
중부녹지-낙산공원-8,낙산공원,,서울특별시 종로구 동숭동 50-151,,,127.0080185,37.58083341,공원명,,,,,,,,,,,,,,,,,,,
서대문구-안산도시자연공원-1,안산도시자연공원,1.14E+18,서울특별시 서대문구 연희동 산 2-13,,,126.9397778,37.57722222,공원명,,,,,,,,,,,,,,,,,,,
중부녹지-낙산공원-9,낙산공원,,서울특별시 종로구 동숭동 50-153,1.11E+21,서울특별시 종로구 낙산성곽서길 184,127.0085772,37.58026563,공원명,,,,,,,,,,,,,,,,,,,
마포구-복사꽃 공원-1,복사꽃 공원,,서울특별시 마포구 도화동 533,,서울특별시 마포구 마포대로4길 11-1,126.9464444,37.53902778,공원명,,,,,,,,,,,,,,,,,,,
마포구-삼개어린이공원-1,삼개어린이공원,1.14E+18,서울특별시 마포구 도화동 555-1,,서울특별시 마포구 토정로37길 12,126.9450278,37.54061111,공원명,,,,,,,,,,,,,,,,,,,
성북구-혜화문쉼터-1,혜화문쉼터,1.13E+18,서울특별시 성북구 성북동1가 32,,서울특별시 성북구 창경궁로35길 87,127.004,37.58813889,공원명,,,,,,,,,,,,,,,,,,,
서대문구-안산 자연학습장-1,안산 자연학습장,1.14E+18,서울특별시 서대문구 연희동 141,,서울특별시 서대문구 연희로36길 32,126.9389167,37.57733333,공원명,,,,,,,,,,,,,,,,,,,
용산구-서빙고 기와터공원-1,서빙고 기와터공원,1.12E+18,서울특별시 용산구 한강로3가 63-387,,서울특별시 용산구 서빙고로 31,126.9696339,37.52602519,공원명,,,,,,,,,,,,,,,,,,,
은평구-응암새싹어린이공원-1,응암새싹어린이공원,1.14E+18,서울특별시 은평구 응암동 766-2,,서울특별시 은평구 응암로22길 28-10,126.9212996,37.59312876,공원명,,,,,,,,,,,,,,,,,,,
서부녹지-경의선숲길-1,경의선숲길,1.14E+18,서울특별시 마포구 신수동 85-26,,서울특별시 마포구 백범로10길 32,126.93975,37.54794444,공원명,,,,,,,,,,,,,,,,,,,
성북구-삼선어린이공원-1,삼선어린이공원,,서울특별시 성북구 삼선동1가 289-4,,서울특별시 성북구 삼선교로4나길 19,127.0086579,37.58306014,공원명,,,,,,,,,,,,,,,,,,,
서대문구-대궐제 어린이공원-1,대궐제 어린이공원,1.14E+18,서울특별시 서대문구 연희동 75-1,,서울특별시 서대문구 연희로26나길 21,126.9370278,37.57408333,공원명,,,,,,,,,,,,,,,,,,,
중부녹지-낙산공원-2,낙산공원,1.11E+18,서울특별시 종로구 창신동 611-19,,서울특별시 종로구 창신길 210-11,127.0105,37.57991667,공원명,,,,,,,,,,,,,,,,,,,
서대문구-고은산 놀이터-1,고은산 놀이터,,서울특별시 서대문구 홍제동 312-243,,서울특별시 서대문구 통일로37나길 65,126.9418611,37.58558333,공원명,,,,,,,,,,,,,,,,,,,
마포구-토정 어린이공원-1,토정 어린이공원,,서울특별시 마포구 용강동 43-5,,서울특별시 마포구 토정로 307,126.9433056,37.54055556,공원명,,,,,,,,,,,,,,,,,,,
종로구-당고개어린이공원-1,산마루놀이터공원,1.11E+18,서울특별시 종로구 창신동 23-350,,서울특별시 종로구 창신6가길 39,127.0123565,37.57558079,공원명,,,,,,,,,,,,,,,,,,,
중구-약수동마을마당-2,약수동마을마당,1.11E+18,서울특별시 중구 신당동 349-214,,서울특별시 중구 동호로8나길 14,127.0126232,37.55289044,공원명,,,,,,,,,,,,,,,,,,,
중구-약수동마을마당-1,약수동마을마당,1.11E+18,서울특별시 중구 신당동 349-271,,서울특별시 중구 동호로8나길 15,127.0127447,37.55270729,공원명,,,,,,,,,,,,,,,,,,,
중구-떡볶이 마을마당-1,떡볶이 마을마당,1.11E+18,서울특별시 중구 신당동 241-19,,서울특별시 중구 다산로33가길 23,127.0144722,37.56336111,공원명,,,,,,,,,,,,,,,,,,,
용산구-서빙고근린공원-1,서빙고근린공원,1.12E+18,서울특별시 용산구 용산동5가 24-2,,,126.9720727,37.52443396,공원명,,,,,,,,,,,,,,,,,,,
서대문구-문화소공원-1,문화소공원,,서울특별시 서대문구 홍제동 280-10,,서울특별시 서대문구 세검정로 78-10,126.9488889,37.59466667,공원명,,,,,,,,,,,,,,,,,,,
성북구-성북천공원-2,성북천공원,1.13E+18,서울특별시 성북구 동소문동2가 1-1,,서울특별시 성북구 동소문로 2,127.0065833,37.58827778,공원명,,,,,,,,,,,,,,,,,,,
중구-청구어린이공원-1,청구어린이공원,,서울특별시 중구 신당동 340-131,1.11E+21,서울특별시 중구 다산로14길 47,127.0138056,37.55577778,공원명,,,,,,,,,,,,,,,,,,,
서대문구-안산도시자연공원-2,안산도시자연공원,1.14E+18,서울특별시 서대문구 연희동 산 2-75,,서울특별시 서대문구 모래내로 376-19,126.9381111,37.58038889,공원명,,,,,,,,,,,,,,,,,,,
중부녹지-낙산공원-1,낙산공원,1.13E+18,서울특별시 성북구 삼선동2가 389,,서울특별시 성북구 삼선교로16길 116,127.0108342,37.58150084,공원명,,,,,,,,,,,,,,,,,,,
중구-약수사랑터-1,약수사랑터,1.11E+18,서울특별시 중구 신당동 844-5,,서울특별시 중구 동호로5길 19,127.0130833,37.55158333,공원명,,,,,,,,,,,,,,,,,,,
서대문구-홍제천변 음수대-4,홍제천변 음수대,1.14E+18,서울특별시 서대문구 홍제동 426,,서울특별시 서대문구 세검정로3길 26,126.945625,37.59278358,공원명,,,,,,,,,,,,,,,,,,,
서대문구-문화촌 어린이공원-1,문화촌 어린이공원,,서울특별시 서대문구 홍제동 278-57,,서울특별시 서대문구 간호대로 11-50,126.9474803,37.59502085,공원명,,,,,,,,,,,,,,,,,,,
서대문구-홍제천변 음수대-1,홍제천변 음수대,1.14E+18,서울특별시 서대문구 연희동 171-4,,서울특별시 서대문구 모래내로 376-15,126.9375203,37.58187054,공원명,,,,,,,,,,,,,,,,,,,
한강사업본부-한강시민공원(이촌지구)-18,한강시민공원(이촌지구),1.12E+18,서울특별시 용산구 이촌동 173-3,,,126.9519885,37.52973932,공원명,,,,,,,,,,,,,,,,,,,
중부녹지-용산가족공원-3,용산가족공원,1.12E+18,서울특별시 용산구 용산동6가 168-6,,서울특별시 용산구 서빙고로 137,126.9842923,37.52401474,공원명,,,,,,,,,,,,,,,,,,,
한강사업본부-한강시민공원망원지구-1,한강시민공원망원지구,1.14E+18,서울특별시 용산구 청암동 170-1,,,126.9461192,37.5340925,공원명,,,,,,,,,,,,,,,,,,,
중구-응봉근린공원-1,응봉근린공원,,서울특별시 중구 신당동 309-61,,서울특별시 중구 동호로8나길 50-16,127.014155,37.55105349,공원명,,,,,,,,,,,,,,,,,,,
서대문구-보은소공원-1,보은소공원,1.14E+18,서울특별시 서대문구 홍은동 48-21,,서울특별시 서대문구 홍은중앙로 41,126.9465833,37.59494444,공원명,,,,,,,,,,,,,,,,,,,
서대문구-궁말어린이공원,서대문구-궁말어린이공원,,서울특별시 서대문구 연희동 86-3,,서울특별시 서대문구 연희로 153-8,126.9335917,37.5712105,상세위치,,,,,,,,,,,,,,,,,,,
동부녹지-응봉근린공원-2,응봉근린공원,1.12E+18,서울특별시 성동구 금호동3가 산 2-1,,,127.0141944,37.55047222,공원명,,,,,,,,,,,,,,,,,,,
마포구-마포 어린이공원-1,마포 어린이공원,1.14E+18,서울특별시 마포구 마포동 388-5,,서울특별시 마포구 마포대로4다길 31,126.9439444,37.53563889,공원명,,,,,,,,,,,,,,,,,,,
서대문구-안산도시자연공원,서대문구-안산도시자연공원,,서울특별시 서대문구 홍제동 산 41-29,,서울특별시 서대문구 송죽길 49,126.9384278,37.58543878,상세위치,,,,,,,,,,,,,,,,,,,
용산구-응봉근린공원-2,응봉근린공원,1.12E+18,서울특별시 용산구 한남동 712-4,,서울특별시 용산구 한남대로28가길 31-12,127.0069839,37.53676214,공원명,,,,,,,,,,,,,,,,,,,
용산구-새싹어린이공원-1,새싹어린이공원,1.12E+18,서울특별시 용산구 이촌동 206-1,,서울특별시 용산구 이촌로14길 11-22,126.9544067,37.52696229,공원명,,,,,,,,,,,,,,,,,,,
용산구-응봉근린공원-3,응봉근린공원,1.12E+18,서울특별시 용산구 한남동 707-10,,서울특별시 용산구 한남대로 90,127.0069939,37.53653008,공원명,,,,,,,,,,,,,,,,,,,
서대문구-불천 어린이공원-1,불천 어린이공원,,서울특별시 서대문구 홍제동 287-127,,서울특별시 서대문구 간호대로 26,126.9478076,37.59710223,공원명,,,,,,,,,,,,,,,,,,,
한강사업본부-한강시민공원망원지구-2,한강시민공원망원지구,1.14E+18,서울특별시 마포구 마포동 422,,,126.9415833,37.53719444,공원명,,,,,,,,,,,,,,,,,,,
중부녹지-용산가족공원-4,용산가족공원,,서울특별시 용산구 용산동6가 68-92,1.12E+21,,126.9842124,37.52226013,공원명,,,,,,,,,,,,,,,,,,,
용산구-강변소공원창의어린이놀이터-1,강변소공원 창의어린이놀이터,1.12E+18,서울특별시 용산구 이촌동 301-78,,서울특별시 용산구 이촌로65가길 91,126.975,37.52111111,공원명,,,,,,,,,,,,,,,,,,,
용산구-보광 달맞이공원-1,보광 달맞이공원,1.12E+18,서울특별시 용산구 보광동 231-106,,서울특별시 용산구 보광로31길 21-29,126.9981209,37.52792985,공원명,,,,,,,,,,,,,,,,,,,
중부녹지-용산가족공원-2,용산가족공원,1.12E+18,서울특별시 용산구 용산동6가 68-90,,서울특별시 용산구 서빙고로 185,126.9838921,37.52173031,공원명,,,,,,,,,,,,,,,,,,,
동부녹지-응봉근린공원-4,응봉근린공원,1.12E+18,서울특별시 중구 신당동 842,,서울특별시 중구 동호로10길 30,127.0169444,37.55361111,공원명,,,,,,,,,,,,,,,,,,,
성북구-개운산근린공원-2,개운산근린공원,1.13E+18,서울특별시 성북구 종암동 125-148,,서울특별시 성북구 종암로19다길 42-16,127.0266341,37.59929696,공원명,,,,,,,,,,,,,,,,,,,
국립서울현충원-현충원-14,현충원,,서울특별시 동작구 동작동 215-5,1.16E+21,,126.9706021,37.5015172,공원명,,,,,,,,,,,,,,,,,,,
마포구-합정 어린이공원-1,합정 어린이공원,1.14E+18,서울특별시 마포구 서교동 491,,서울특별시 마포구 양화로11길 63,126.9130556,37.55169444,공원명,,,,,,,,,,,,,,,,,,,
은평구-녹번마을마당공원-1,녹번마을마당공원,1.14E+18,서울특별시 은평구 녹번동 104-36,,서울특별시 은평구 녹번로3길 12-4,126.9276111,37.60608333,공원명,,,,,,,,,,,,,,,,,,,
동작구-노량진근린공원-7,노량진근린공원,,서울특별시 동작구 노량진동 221-99,,서울특별시 동작구 만양로13가길 28-4,126.9441265,37.50900301,공원명,,,,,,,,,,,,,,,,,,,
성동구-서마장어린이공원-1,서마장어린이공원,1.12E+18,서울특별시 성동구 마장동 527-10,,서울특별시 성동구 청계천로 546,127.0373291,37.57169509,공원명,,,,,,,,,,,,,,,,,,,
국립서울현충원-현충원-15,현충원,,서울특별시 동작구 동작동 221-5,1.16E+21,서울특별시 동작구 현충로 210,126.9683495,37.50128174,공원명,,,,,,,,,,,,,,,,,,,
국립서울현충원-현충원-22,현충원,,서울특별시 동작구 동작동 222-3,1.16E+21,서울특별시 동작구 현충로 210,126.9698044,37.50112829,공원명,,,,,,,,,,,,,,,,,,,
성북구-길음어울림마당-1,길음어울림마당,,서울특별시 성북구 길음동 1276-2,1.13E+21,서울특별시 성북구 동소문로 248-1,127.0246848,37.60299365,공원명,,,,,,,,,,,,,,,,,,,
한강사업본부-한강시민공원(여의도안내센터)-18,한강시민공원(여의도안내센터),1.16E+18,서울특별시 영등포구 여의도동 82-3,,,126.9193913,37.53326332,공원명,,,,,,,,,,,,,,,,,,,
동작구-노량진근린공원-8,노량진근린공원,,서울특별시 동작구 노량진동 221-67,,서울특별시 동작구 만양로13가길 34-1,126.9440556,37.50866667,공원명,,,,,,,,,,,,,,,,,,,
한강사업본부-한강시민공원(여의도안내센터)-17,한강시민공원(여의도안내센터),1.16E+18,서울특별시 영등포구 여의도동 82-3,,,126.9192609,37.53328972,공원명,,,,,,,,,,,,,,,,,,,
성동구-살곶이공원-10,살곶이공원,1.12E+18,서울특별시 성동구 응봉동 235-1,,,127.036987,37.55148775,공원명,,,,,,,,,,,,,,,,,,,
동대문구-방아다리어린이공원-1,방아다리어린이공원,1.12E+18,서울특별시 동대문구 제기동 132-1,,서울특별시 동대문구 제기로2가길 8,127.0347375,37.58508118,공원명,,,,,,,,,,,,,,,,,,,
성북구-개운산공원-1,개운산근린공원,,서울특별시 성북구 돈암동 산 3-3,,,127.0268889,37.60052778,공원명,,,,,,,,,,,,,,,,,,,
국립서울현충원-현충원-16,현충원,,서울특별시 동작구 동작동 223-3,1.16E+21,,126.9715221,37.50060193,공원명,,,,,,,,,,,,,,,,,,,
국립서울현충원-현충원-4,현충원,,서울특별시 동작구 동작동 165-3,1.16E+21,서울특별시 동작구 현충로 210,126.9751717,37.5004492,공원명,,,,,,,,,,,,,,,,,,,
성북구-길음8-1어린이공원-1,늘푸른어린이공원,1.13E+18,서울특별시 성북구 길음동 1284-14,,서울특별시 성북구 길음로13길 11,127.0204235,37.60853319,공원명,,,,,,,,,,,,,,,,,,,
은평구-매바위어린이공원-1,매바위어린이공원,,서울특별시 은평구 응암동 767-1,1.14E+21,서울특별시 은평구 응암로 271,126.9193609,37.59589987,공원명,,,,,,,,,,,,,,,,,,,
마포구-성산 근린공원-1,성산 근린공원,,서울특별시 마포구 성산동 산 11-73,,서울특별시 마포구 월드컵북로15안길 26,126.91075,37.56247222,공원명,,,,,,,,,,,,,,,,,,,
영등포구-앙카라(자매)공원-1,앙카라(자매)공원,1.16E+18,서울특별시 영등포구 여의도동 56,,서울특별시 영등포구 여의대방로 372-1,126.931103,37.51724021,공원명,,,,,,,,,,,,,,,,,,,
성동구-보람어린이공원-1,보람어린이공원,1.12E+18,서울특별시 성동구 마장동 817,,서울특별시 성동구 마장로 271,127.0387112,37.56608961,공원명,,,,,,,,,,,,,,,,,,,
국립서울현충원-현충원-23,현충원,,서울특별시 동작구 동작동 225-4,1.16E+21,,126.9733192,37.50003985,공원명,,,,,,,,,,,,,,,,,,,
성북구-솔향기어린이공원-1,솔향기어린이공원,1.13E+18,서울특별시 성북구 길음동 1283,,서울특별시 성북구 길음로 16,127.0215278,37.60797222,공원명,,,,,,,,,,,,,,,,,,,
서부녹지-여의도공원-9,여의도공원,1.16E+18,서울특별시 영등포구 여의도동 2,,서울특별시 영등포구 여의공원로 68,126.9230556,37.52583333,공원명,,,,,,,,,,,,,,,,,,,
국립서울현충원-현충원-12,현충원,,서울특별시 동작구 동작동 162-5,1.16E+21,,126.9773056,37.49986602,공원명,,,,,,,,,,,,,,,,,,,
국립서울현충원-현충원-5,현충원,,서울특별시 동작구 동작동 165-3,1.16E+21,,126.9739955,37.49959218,공원명,,,,,,,,,,,,,,,,,,,
국립서울현충원-현충원-17,현충원,,서울특별시 동작구 동작동 215-5,1.16E+21,,126.9715231,37.49966227,공원명,,,,,,,,,,,,,,,,,,,
국립서울현충원-현충원-18,현충원,,서울특별시 동작구 동작동 294-7,1.16E+21,서울특별시 동작구 현충로 210,126.970414,37.49971815,공원명,,,,,,,,,,,,,,,,,,,
서부녹지-여의도공원-5,여의도공원,1.16E+18,서울특별시 영등포구 여의도동 2,,서울특별시 영등포구 여의공원로 68,126.922,37.52666667,공원명,,,,,,,,,,,,,,,,,,,
은평구-새록어린이공원-1,새록어린이공원,,서울특별시 은평구 녹번동 158-1,1.14E+21,서울특별시 은평구 은평로11길 34-1,126.9235865,37.603938,공원명,,,,,,,,,,,,,,,,,,,
은평구-포수동어린이공원-1,포수동어린이공원,1.14E+18,서울특별시 은평구 응암동 115-25,,서울특별시 은평구 은평로8길 28,126.9193611,37.59802778,공원명,,,,,,,,,,,,,,,,,,,
서대문구-거꾸로 어린이 공원-1,거꾸로 어린이 공원,,서울특별시 서대문구 북가좌동 338-19,,서울특별시 서대문구 증가로32안길 31-10,126.9131111,37.58519444,공원명,,,,,,,,,,,,,,,,,,,
영등포구-앙카라(자매)공원-2,앙카라(자매)공원,1.16E+18,서울특별시 영등포구 여의도동 56,,서울특별시 영등포구 여의대방로 372-1,126.9294444,37.51722222,공원명,,,,,,,,,,,,,,,,,,,
은평구-참다래 어린이공원-1,참다래 어린이공원,1.14E+18,서울특별시 은평구 응암동 120-22,,서울특별시 은평구 응암로25길 8,126.9173889,37.59530556,공원명,,,,,,,,,,,,,,,,,,,
국립서울현충원-현충원-10,현충원,,서울특별시 동작구 동작동 165-3,1.16E+21,,126.9748205,37.49891533,공원명,,,,,,,,,,,,,,,,,,,
국립서울현충원-현충원-6,현충원,,서울특별시 동작구 동작동 165-3,1.16E+21,,126.9730782,37.49891208,공원명,,,,,,,,,,,,,,,,,,,
성동구-살곶이공원-1,살곶이공원,1.12E+18,서울특별시 성동구 응봉동 9-1,,서울특별시 성동구 살곶이길 313-143,127.0389545,37.55234272,공원명,,,,,,,,,,,,,,,,,,,
한강사업본부-한강시민공원(여의도안내센터)-4,한강시민공원(여의도안내센터),1.16E+18,서울특별시 영등포구 여의도동 57,,,126.9300456,37.51641263,공원명,,,,,,,,,,,,,,,,,,,
동대문구-정릉천-2,정릉천,1.12E+18,서울특별시 동대문구 제기동 1206,,서울특별시 동대문구 정릉천동로 157,127.0363611,37.58636111,공원명,,,,,,,,,,,,,,,,,,,
은평구-은평평화공원-2,은평평화공원,1.14E+18,서울특별시 은평구 녹번동 153-21,,서울특별시 은평구 서오릉로 45,126.9235556,37.60522222,공원명,,,,,,,,,,,,,,,,,,,
동대문구-용두공원-1,용두공원,1.12E+18,서울특별시 동대문구 용두동 47-4,,,127.0396944,37.57305556,공원명,,,,,,,,,,,,,,,,,,,
강남구-신사목련공원-1,신사목련공원,,서울특별시 강남구 신사동 567-37,,서울특별시 강남구 논현로159길 32,127.0257655,37.52280159,공원명,,,,,,,,,,,,,,,,,,,
강북구-북한산도시자연공원-4,북한산도시자연공원,,서울특별시 강북구 미아동 1354,,서울특별시 강북구 솔샘로 159,127.0088889,37.62027778,공원명,,,,,,,,,,,,,,,,,,,
동부녹지-응봉근린공원-8,응봉근린공원,1.12E+18,서울특별시 성동구 행당동 324-334,,,127.0283889,37.55430556,공원명,,,,,,,,,,,,,,,,,,,
한강사업본부-한강시민공원(여의도안내센터)-3,한강시민공원(여의도안내센터),1.16E+18,서울특별시 영등포구 여의도동 84-10,,,126.9325727,37.52937947,공원명,,,,,,,,,,,,,,,,,,,
동작구-노들나루공원(노량진배수지시민공원)-2,노들나루공원(노량진배수지시민공원),1.16E+18,서울특별시 동작구 본동 258-1,,서울특별시 동작구 노량진로 247,126.9534431,37.51380564,공원명,,,,,,,,,,,,,,,,,,,
동부녹지-응봉근린공원-10,응봉근린공원,1.12E+18,서울특별시 성동구 행당동 324-334,,,127.0288889,37.55433333,공원명,,,,,,,,,,,,,,,,,,,
서대문구-삼각소공원-1,삼각소공원,1.14E+18,서울특별시 서대문구 남가좌동 210-16,,서울특별시 서대문구 가재울로 82,126.9208295,37.57650684,공원명,,,,,,,,,,,,,,,,,,,
동부녹지-응봉근린공원-11,응봉근린공원,1.12E+18,서울특별시 성동구 금호동1가 산 37-1,,서울특별시 성동구 독서당로57가길 24,127.0288056,37.55252778,공원명,,,,,,,,,,,,,,,,,,,
서대문구-가좌 어린이공원-1,가좌 어린이공원,,서울특별시 서대문구 남가좌동 376,,서울특별시 서대문구 가재울로 45,126.9205785,37.57582171,공원명,,,,,,,,,,,,,,,,,,,
한강사업본부-한강시민공원(여의도안내센터)-2,한강시민공원(여의도안내센터),1.16E+18,서울특별시 영등포구 여의도동 84-4,,서울특별시 영등포구 여의동로 343,126.9333333,37.52722222,공원명,,,,,,,,,,,,,,,,,,,
한강사업본부-한강시민공원(여의도안내센터)-1,한강시민공원(여의도안내센터),1.16E+18,서울특별시 영등포구 여의도동 84-4,,서울특별시 영등포구 여의동로 343,126.9333333,37.52722222,공원명,,,,,,,,,,,,,,,,,,,
한강사업본부-한강시민공원반포지구-12,한강시민공원반포지구,1.16E+18,서울특별시 동작구 흑석동 260-5,,서울특별시 동작구 현충로 85-12,126.965293,37.50947028,공원명,,,,,,,,,,,,,,,,,,,
성동구-장미원공원,성동구-장미원공원,1.12E+18,서울특별시 성동구 금호동1가 산 37-1,,서울특별시 성동구 독서당로57길 42,127.0288744,37.55210418,공원명,,,,,,,,,,,,,,,,,,,
동부녹지-응봉근린공원-12,응봉근린공원,1.12E+18,서울특별시 성동구 응봉동 265-112,,서울특별시 성동구 독서당로63길 63-1,127.0290927,37.55293925,공원명,,,,,,,,,,,,,,,,,,,
성동구-독서당공원-1,독서당공원,1.12E+18,서울특별시 성동구 응봉동 275,,서울특별시 성동구 독서당로 375,127.0289444,37.55005556,공원명,,,,,,,,,,,,,,,,,,,
서대문구-가재울어린이공원,서대문구-가재울어린이공원,,서울특별시 서대문구 남가좌동 385-2,,서울특별시 서대문구 모래내로15길 37,126.9192574,37.57313553,상세위치,,,,,,,,,,,,,,,,,,,
한강사업본부-한강시민공원잠원지구-8,한강시민공원잠원지구,1.17E+18,서울특별시 서초구 잠원동 147-1,,,127.0116944,37.52183333,공원명,,,,,,,,,,,,,,,,,,,
한강사업본부-한강시민공원잠원지구-6,한강시민공원잠원지구,,서울특별시 강남구 신사동 488-1,,,127.0131111,37.52302778,공원명,,,,,,,,,,,,,,,,,,,
한강사업본부-한강시민공원잠원지구-5,한강시민공원잠원지구,,서울특별시 강남구 신사동 488-1,,,127.0140556,37.52386111,공원명,,,,,,,,,,,,,,,,,,,
한강사업본부-한강시민공원잠원지구-10,한강시민공원잠원지구,1.17E+18,서울특별시 서초구 잠원동 121,,서울특별시 서초구 잠원로 221-124,127.0109167,37.52094444,공원명,,,,,,,,,,,,,,,,,,,
은평구-응암9구역어린이공원-1,응암9구역어린이공원,1.14E+18,서울특별시 은평구 응암동 761-2,,서울특별시 은평구 백련산로 10,126.9229722,37.58666667,공원명,,,,,,,,,,,,,,,,,,,
은평구-하랑어린이공원-1,하랑어린이공원,1.14E+18,서울특별시 은평구 응암동 769-3,,서울특별시 은평구 은평로18길 12-8,126.9311286,37.6002453,공원명,,,,,,,,,,,,,,,,,,,
한강사업본부-한강시민공원잠원지구-7,한강시민공원잠원지구,1.17E+18,서울특별시 서초구 잠원동 121,,서울특별시 서초구 잠원로 221-124,127.0122369,37.52182148,공원명,,,,,,,,,,,,,,,,,,,
노원구-당현어린이공원-1,노원구-당현어린이공원-1,,서울특별시 노원구 중계동 154-7,,서울특별시 노원구 덕릉로83길 12,127.0748839,37.66026208,당현어린이공원,,,,,,,,,,,,,,,,,,,
한강사업본부-한강시민공원(여의도안내센터)-5,한강시민공원(여의도안내센터),1.16E+18,서울특별시 영등포구 여의도동 84-9,,,126.928517,37.53136993,공원명,,,,,,,,,,,,,,,,,,,
한강사업본부-한강시민공원망원지구-4,한강시민공원망원지구,1.14E+18,서울특별시 마포구 상수동 361,,,126.9218056,37.54388889,공원명,,,,,,,,,,,,,,,,,,,
한강사업본부-한강시민공원잠원지구-9,한강시민공원잠원지구,1.17E+18,서울특별시 서초구 잠원동 121,,서울특별시 서초구 잠원로 221-124,127.0111389,37.52077778,공원명,,,,,,,,,,,,,,,,,,,
동작구-사육신공원-1,사육신공원,1.16E+18,서울특별시 동작구 노량진동 152-3,,서울특별시 동작구 노량진로 191,126.9481944,37.51405556,공원명,,,,,,,,,,,,,,,,,,,
한강사업본부-한강시민공원잠원지구-4,한강시민공원잠원지구,,서울특별시 강남구 압구정동 386,,,127.0168611,37.52627778,공원명,,,,,,,,,,,,,,,,,,,
성동구-도선어린이공원-1,도선어린이공원,1.12E+18,서울특별시 성동구 홍익동 369,,서울특별시 성동구 무학로8길 8,127.0313611,37.56544444,공원명,,,,,,,,,,,,,,,,,,,
동부녹지-응봉근린공원-14,응봉근린공원,1.12E+18,서울특별시 성동구 응봉동 275,,서울특별시 성동구 독서당로 375,127.0296111,37.54938889,공원명,,,,,,,,,,,,,,,,,,,
동작구-물새 어린이공원-1,물새 어린이공원,1.16E+18,서울특별시 동작구 흑석동 106-32,,서울특별시 동작구 서달로15길 12,126.96275,37.50852778,공원명,,,,,,,,,,,,,,,,,,,
한강사업본부-한강시민공원잠원지구-11,한강시민공원잠원지구,1.17E+18,서울특별시 서초구 잠원동 121,,,127.0084444,37.51833333,공원명,,,,,,,,,,,,,,,,,,,
한강사업본부-한강시민공원잠원지구-12,한강시민공원잠원지구,1.17E+18,서울특별시 서초구 잠원동 121,,,127.0066389,37.51705556,공원명,,,,,,,,,,,,,,,,,,,
한강사업본부-한강시민공원잠원지구-3,한강시민공원잠원지구,,서울특별시 강남구 압구정동 386,,,127.0181667,37.52736111,공원명,,,,,,,,,,,,,,,,,,,
성북구-한울어린이공원-1,한울어린이공원,1.13E+18,서울특별시 성북구 정릉동 167-4,,서울특별시 성북구 정릉로27가길 6,127.0136111,37.60594444,공원명,,,,,,,,,,,,,,,,,,,
성북구-정릉동적환장쉼터-1,정릉동적환장쉼터,1.13E+18,서울특별시 성북구 정릉동 966-1,,서울특별시 성북구 정릉로31가길 2,127.0159602,37.60362969,공원명,,,,,,,,,,,,,,,,,,,
동작구-본동 어린이공원-1,본동 어린이공원,,서울특별시 동작구 본동 50-40,,서울특별시 동작구 노량진로26길 32-12,126.9545556,37.51069444,공원명,,,,,,,,,,,,,,,,,,,
성북구-솔숲어린이공원-1,솔숲어린이공원,,서울특별시 성북구 정릉동 170-123,,서울특별시 성북구 서경로 12,127.0148611,37.60483333,공원명,,,,,,,,,,,,,,,,,,,
한강사업본부-한강시민공원반포지구-6,한강시민공원반포지구,1.17E+18,서울특별시 서초구 잠원동 122-1,,,126.9988611,37.51233333,공원명,,,,,,,,,,,,,,,,,,,
한강사업본부-한강시민공원잠원지구-13,한강시민공원잠원지구,1.17E+18,서울특별시 서초구 잠원동 121,,,127.0106946,37.51971495,공원명,,,,,,,,,,,,,,,,,,,
은평구-북한산도시자연공원-3,북한산도시자연공원,1.14E+18,서울특별시 은평구 녹번동 산 1-1,,서울특별시 은평구 진흥로 290,126.9411944,37.61055556,공원명,,,,,,,,,,,,,,,,,,,
동부녹지-응봉근린공원-13,응봉근린공원,1.12E+18,서울특별시 성동구 응봉동 269,,,127.0298889,37.54880556,공원명,,,,,,,,,,,,,,,,,,,
한강사업본부-한강시민공원잠원지구-14,한강시민공원잠원지구,1.17E+18,서울특별시 서초구 잠원동 121,,,127.0100093,37.51895046,공원명,,,,,,,,,,,,,,,,,,,
은평구-백련공원아리수샘터-1,백련공원아리수샘터,,서울특별시 은평구 응암동 227-24,,서울특별시 은평구 백련산로4길 25,126.9260154,37.59449929,공원명,,,,,,,,,,,,,,,,,,,
한강사업본부-한강시민공원(여의도안내센터)-7,한강시민공원(여의도안내센터),1.16E+18,서울특별시 영등포구 여의도동 84,,,126.928,37.53055556,공원명,,,,,,,,,,,,,,,,,,,
한강사업본부-한강시민공원(여의도안내센터)-6,한강시민공원(여의도안내센터),1.16E+18,서울특별시 영등포구 여의도동 84,,,126.928,37.53055556,공원명,,,,,,,,,,,,,,,,,,,
한강사업본부-한강시민공원반포지구-1,한강시민공원반포지구,1.17E+18,서울특별시 서초구 잠원동 122-1,,,127.0052222,37.51525,공원명,,,,,,,,,,,,,,,,,,,
한강사업본부-한강시민공원잠원지구-1,한강시민공원잠원지구,,서울특별시 강남구 압구정동 379-1,,,127.0208082,37.52952034,공원명,,,,,,,,,,,,,,,,,,,
한강사업본부-한강시민공원반포지구-2,한강시민공원반포지구,1.17E+18,서울특별시 서초구 잠원동 122-1,,,127.0044167,37.5145,공원명,,,,,,,,,,,,,,,,,,,
은평구-북한산도시자연공원-2,북한산도시자연공원,1.14E+18,서울특별시 은평구 불광동 630-46,,서울특별시 은평구 진흥로19길 6,126.9409167,37.61116667,공원명,,,,,,,,,,,,,,,,,,,
한강사업본부-한강시민공원(여의도안내센터)-8,한강시민공원(여의도안내센터),1.16E+18,서울특별시 영등포구 여의도동 83-6,,서울특별시 영등포구 여의서로 62,126.9263889,37.53222222,공원명,,,,,,,,,,,,,,,,,,,
한강사업본부-한강시민공원반포지구-5,한강시민공원반포지구,1.17E+18,서울특별시 서초구 잠원동 122-1,,,127.0001111,37.51197222,공원명,,,,,,,,,,,,,,,,,,,
한강사업본부-한강시민공원반포지구-3,한강시민공원반포지구,1.17E+18,서울특별시 서초구 잠원동 122-1,,,127.0012778,37.51252778,공원명,,,,,,,,,,,,,,,,,,,
성동구-암벽공원-1,암벽공원,1.12E+18,서울특별시 성동구 응봉동 269-4,,서울특별시 성동구 독서당로60길 13-1,127.0306684,37.54855369,공원명,,,,,,,,,,,,,,,,,,,
한강사업본부-한강시민공원잠원지구-2,한강시민공원잠원지구,,서울특별시 강남구 압구정동 386,,,127.0198333,37.52744444,공원명,,,,,,,,,,,,,,,,,,,
서대문구-은가 어린이공원-1,은가 어린이공원,,서울특별시 서대문구 북가좌동 1-28,,서울특별시 서대문구 증가로20가길 91,126.9195,37.58269444,공원명,,,,,,,,,,,,,,,,,,,
성북구-정릉천변-1,정릉천변,,서울특별시 성북구 정릉동 820-45,,서울특별시 성북구 보국문로 193-1,126.9993611,37.61691667,공원명,,,,,,,,,,,,,,,,,,,
은평구-양천리누리터어린이공원-1,양천리누리터어린이공원,1.14E+18,서울특별시 은평구 녹번동 16-5,,서울특별시 은평구 통일로 674,126.9341821,37.6061615,공원명,,,,,,,,,,,,,,,,,,,
성북구-매화어린이공원-1,매화어린이공원,1.13E+18,서울특별시 성북구 정릉동 1035-5,,서울특별시 성북구 정릉로42길 24,127.0203249,37.60073279,공원명,,,,,,,,,,,,,,,,,,,
동작구-까망돌 어린이공원-1,까망돌 어린이공원,1.16E+18,서울특별시 동작구 흑석동 335,,서울특별시 동작구 흑석한강로 12,126.9641623,37.50659209,공원명,,,,,,,,,,,,,,,,,,,
한강사업본부-한강시민공원반포지구-13,한강시민공원반포지구,1.17E+18,서울특별시 서초구 잠원동 122-1,,,127.0010712,37.511905,공원명,,,,,,,,,,,,,,,,,,,
서대문구-갈매연어린이공원-1,갈매연어린이공원,1.14E+18,서울특별시 서대문구 남가좌동 390-1,,서울특별시 서대문구 증가로 191,126.9173671,37.57739227,공원명,,,,,,,,,,,,,,,,,,,
동작구-동작주차근린공원-1,동작주차근린공원,,서울특별시 동작구 동작동 326,,서울특별시 동작구 현충로 213,126.9787778,37.50330556,공원명,,,,,,,,,,,,,,,,,,,
한강사업본부-한강시민공원반포지구-8,한강시민공원반포지구,1.17E+18,서울특별시 서초구 반포동 115-5,,서울특별시 서초구 신반포로11길 40,126.9944167,37.50869444,공원명,,,,,,,,,,,,,,,,,,,
한강사업본부-한강시민공원반포지구-9,한강시민공원반포지구,1.17E+18,서울특별시 서초구 반포동 115-5,,서울특별시 서초구 신반포로11길 40,126.9929167,37.50802778,공원명,,,,,,,,,,,,,,,,,,,
은평구-응암행복어린이공원-1,응암행복어린이공원,1.14E+18,서울특별시 은평구 응암동 764-2,,서울특별시 은평구 백련산로 37,126.9212029,37.58915788,공원명,,,,,,,,,,,,,,,,,,,
동작구-영본초등학교 공원-1,영본초등학교 공원,1.16E+18,서울특별시 동작구 본동 441-11,,서울특별시 동작구 만양로12가길 69,126.949,37.51088889,공원명,,,,,,,,,,,,,,,,,,,
마포구-다솜 어린이공원-1,다솜 어린이공원,,서울특별시 마포구 성산동 113-5,,서울특별시 마포구 월드컵북로12길 37,126.9154722,37.56263889,공원명,,,,,,,,,,,,,,,,,,,
성동구-응봉개나리어린이공원-1,응봉개나리어린이공원,1.12E+18,서울특별시 성동구 응봉동 269-6,,서울특별시 성동구 독서당로62가길 64,127.0319167,37.54855556,공원명,,,,,,,,,,,,,,,,,,,
한강사업본부-한강시민공원반포지구-11,한강시민공원반포지구,1.17E+18,서울특별시 서초구 반포동 1333-1,,,126.9845278,37.50563889,공원명,,,,,,,,,,,,,,,,,,,
한강사업본부-한강시민공원반포지구-10,한강시민공원반포지구,1.17E+18,서울특별시 서초구 반포동 1335-2,,,126.9896111,37.50658333,공원명,,,,,,,,,,,,,,,,,,,
동작구-고구동산공원-2,고구동산공원,1.16E+18,서울특별시 동작구 본동 126-450,,서울특별시 동작구 매봉로6길 16,126.9546667,37.50808333,공원명,,,,,,,,,,,,,,,,,,,
동작구-고구동산공원-1,고구동산공원,1.16E+18,서울특별시 동작구 본동 126-450,,서울특별시 동작구 매봉로6길 16,126.9538333,37.50819444,공원명,,,,,,,,,,,,,,,,,,,
강남구-신사근린공원-1,신사근린공원,1.17E+18,서울특별시 강남구 압구정동 422,,,127.0210431,37.5264026,공원명,,,,,,,,,,,,,,,,,,,
성북구-아름어린이공원,별빛소누리공원,,서울특별시 성북구 길음동 1284-1,,서울특별시 성북구 서경로6길 13,127.0162735,37.60723517,상세위치,,,,,,,,,,,,,,,,,,,
성북구-개운산근린공원-4,개운산근린공원,1.13E+18,서울특별시 성북구 안암동5가 산 1-95,,,127.0262854,37.59487898,공원명,,,,,,,,,,,,,,,,,,,
동작구-영본초등학교 공원-2,영본초등학교 공원,1.16E+18,서울특별시 동작구 본동 441-11,,서울특별시 동작구 만양로12가길 69,126.9488056,37.50991667,공원명,,,,,,,,,,,,,,,,,,,
은평구-다래어린이공원-1,다래어린이공원,,서울특별시 은평구 응암동 751-5,,서울특별시 은평구 응암로12길 12-43,126.9190556,37.58722222,공원명,,,,,,,,,,,,,,,,,,,
서부녹지-여의도공원-7,여의도공원,1.16E+18,서울특별시 영등포구 여의도동 2,,서울특별시 영등포구 여의공원로 68,126.9258333,37.52888889,공원명,,,,,,,,,,,,,,,,,,,
성북구-개운산근린공원-3,개운산근린공원,1.13E+18,서울특별시 성북구 안암동5가 산 1-55,,서울특별시 성북구 북악산로 935-25,127.0258384,37.59615033,공원명,,,,,,,,,,,,,,,,,,,
은평구-응암1동마을마당-1,응암1동마을마당,1.14E+18,서울특별시 은평구 응암동 97-48,,서울특별시 은평구 은평로12길 13-14,126.9260556,37.59991667,공원명,,,,,,,,,,,,,,,,,,,
한강사업본부-한강시민공원(여의도안내센터)-10,한강시민공원(여의도안내센터),1.16E+18,서울특별시 영등포구 여의도동 83-6,,서울특별시 영등포구 여의서로 62,126.922756,37.53322122,공원명,,,,,,,,,,,,,,,,,,,
한강사업본부-한강시민공원(여의도안내센터)-9,한강시민공원(여의도안내센터),1.16E+18,서울특별시 영등포구 여의도동 83-6,,서울특별시 영등포구 여의서로 62,126.9227778,37.53305556,공원명,,,,,,,,,,,,,,,,,,,
성동구-응삼어린이공원-1,응삼어린이공원,1.12E+18,서울특별시 성동구 행당동 349,,서울특별시 성동구 고산자로 164,127.03525,37.55475,공원명,,,,,,,,,,,,,,,,,,,
국립서울현충원-현충원-1,현충원,,서울특별시 동작구 동작동 211-1,1.16E+21,서울특별시 동작구 현충로 210,126.9756133,37.50282173,공원명,,,,,,,,,,,,,,,,,,,
서부녹지-여의도공원-8,여의도공원,1.16E+18,서울특별시 영등포구 여의도동 2,,서울특별시 영등포구 여의공원로 68,126.9255556,37.52722222,공원명,,,,,,,,,,,,,,,,,,,
서대문구-모래내어린이공원,서대문구-모래내어린이공원,,서울특별시 서대문구 남가좌동 383-2,,서울특별시 서대문구 가재울미래로 53,126.9137484,37.57236919,상세위치,,,,,,,,,,,,,,,,,,,
서초구-반원공원-1,반원어린이공원,1.17E+18,서울특별시 서초구 잠원동 72-1,,,127.0030782,37.50956092,공원명,,,,,,,,,,,,,,,,,,,
성동구-청소년수련관구의회-1,청소년수련관구의회,1.12E+18,서울특별시 성동구 행당동 7,,서울특별시 성동구 고산자로 260,127.0362629,37.56237322,공원명,,,,,,,,,,,,,,,,,,,
은평구-응암4동어린이공원-1,응암4동어린이공원,,서울특별시 은평구 응암동 742-15,,서울특별시 은평구 가좌로7라길 32-3,126.9160833,37.58338889,공원명,,,,,,,,,,,,,,,,,,,
성동구-청소년수련관구의회-2,청소년수련관구의회,1.12E+18,서울특별시 성동구 행당동 7,,서울특별시 성동구 고산자로 260,127.0363889,37.56277778,공원명,,,,,,,,,,,,,,,,,,,
서부녹지-여의도공원-6,여의도공원,1.16E+18,서울특별시 영등포구 여의도동 2,,서울특별시 영등포구 여의공원로 68,126.9247296,37.52788134,공원명,,,,,,,,,,,,,,,,,,,
국립서울현충원-현충원-2,현충원,,서울특별시 동작구 동작동 190-19,1.16E+21,서울특별시 동작구 현충로 210,126.976629,37.50237555,공원명,,,,,,,,,,,,,,,,,,,
은평구-녹번서근린공원-1,녹번서근린공원,1.14E+18,서울특별시 은평구 녹번동 174,,서울특별시 은평구 녹번로1길 1,126.9271389,37.60372222,공원명,,,,,,,,,,,,,,,,,,,
한강사업본부-한강시민공원(여의도안내센터)-11,한강시민공원(여의도안내센터),1.16E+18,서울특별시 영등포구 여의도동 82-9,,,126.9208249,37.53302925,공원명,,,,,,,,,,,,,,,,,,,
한강사업본부-한강시민공원(여의도안내센터)-12,한강시민공원(여의도안내센터),1.16E+18,서울특별시 영등포구 여의도동 82-9,,,126.9206892,37.53301506,공원명,,,,,,,,,,,,,,,,,,,
국립서울현충원-현충원-13,현충원,,서울특별시 동작구 동작동 215-5,1.16E+21,,126.9716177,37.50188454,공원명,,,,,,,,,,,,,,,,,,,
서초구-파랑새공원-1,파랑새어린이공원,1.17E+18,서울특별시 서초구 반포동 4-2,,서울특별시 서초구 신반포로15길 29,126.9952222,37.50527778,공원명,,,,,,,,,,,,,,,,,,,
서대문구-중앙 근린공원-1,중앙 근린공원,,서울특별시 서대문구 북가좌동 107-1,,서울특별시 서대문구 거북골로 148,126.9131944,37.57513889,공원명,,,,,,,,,,,,,,,,,,,
국립서울현충원-현충원-3,현충원,,서울특별시 동작구 동작동 198-1,1.16E+21,,126.976007,37.50153228,공원명,,,,,,,,,,,,,,,,,,,
강북구-북한산도시자연공원-2,북한산도시자연공원,,서울특별시 강북구 미아동 산 108-94,,서울특별시 강북구 인수봉로17길 24-3,127.0111111,37.625,공원명,,,,,,,,,,,,,,,,,,,
성동구-살곶이공원-9,살곶이공원,1.12E+18,서울특별시 성동구 마장동 802-2,,서울특별시 성동구 살곶이길 69,127.0454167,37.56958333,공원명,,,,,,,,,,,,,,,,,,,
강북구-불당골마을마당-1,불당골마을마당,,서울특별시 강북구 미아동 698-33,,서울특별시 강북구 솔샘로50길 8,127.0191667,37.61944444,공원명,,,,,,,,,,,,,,,,,,,
성동구-동마장어린이공원-1,동마장어린이공원,1.12E+18,서울특별시 성동구 마장동 780-1,,서울특별시 성동구 마장로42길 13,127.0457222,37.56616667,공원명,,,,,,,,,,,,,,,,,,,
은평구-신사근린공원-1,신사근린공원,1.14E+18,서울특별시 은평구 신사동 359,,서울특별시 은평구 은평터널로 164,126.9095,37.59297222,공원명,,,,,,,,,,,,,,,,,,,
성북구-벌집어린이공원-1,벌집어린이공원,,서울특별시 성북구 종암동 3-231,,서울특별시 성북구 월곡로7길 61,127.0367204,37.59957134,공원명,,,,,,,,,,,,,,,,,,,
동작구-노량진근린공원-3,노량진근린공원,,서울특별시 동작구 대방동 23-176,,서울특별시 동작구 여의대방로44길 39,126.9281941,37.50991169,공원명,,,,,,,,,,,,,,,,,,,
강북구-하늘어린이공원-1,하늘어린이공원,,서울특별시 강북구 미아동 791-3347,,서울특별시 강북구 인수봉로 50,127.0130556,37.62444444,공원명,,,,,,,,,,,,,,,,,,,
서초구-언구비어린이공원-1,언구비어린이공원,1.17E+18,서울특별시 서초구 반포동 720-2,,서울특별시 서초구 사평대로53길 102-5,127.0201451,37.50890139,공원명,,,,,,,,,,,,,,,,,,,
은평구-역촌동 청사부속시설 놀이터-1,역촌동 청사부속시설 놀이터,1.14E+18,서울특별시 은평구 역촌동 62-26,,서울특별시 은평구 연서로 59,126.91525,37.60427778,공원명,,,,,,,,,,,,,,,,,,,
은평구-역촌2동마을마당-1,역촌2동마을마당,,서울특별시 은평구 역촌동 62-26,,서울특별시 은평구 연서로 59,126.9153333,37.60444444,공원명,,,,,,,,,,,,,,,,,,,
성북구-종암어린이공원-1,종암어린이공원,1.13E+18,서울특별시 성북구 종암동 104-6,,서울특별시 성북구 종암로24가길 53,127.0370422,37.60030044,공원명,,,,,,,,,,,,,,,,,,,
한강사업본부-한강시민공원(여의도안내센터)-19,한강시민공원(여의도안내센터),1.16E+18,서울특별시 영등포구 여의도동 19-1,,,126.9135375,37.52595149,공원명,,,,,,,,,,,,,,,,,,,
강남구-도산공원-2,도산공원,1.17E+18,서울특별시 강남구 신사동 649-5,,서울특별시 강남구 언주로164길 20,127.03525,37.52480556,공원명,,,,,,,,,,,,,,,,,,,
동작구-노량진근린공원-2,노량진근린공원,,서울특별시 동작구 대방동 23-176,,서울특별시 동작구 여의대방로44길 39,126.9277722,37.50922462,공원명,,,,,,,,,,,,,,,,,,,
강남구-도산공원-1,도산공원,1.17E+18,서울특별시 강남구 신사동 649-9,,서울특별시 강남구 도산대로45길 20,127.035,37.52436111,공원명,,,,,,,,,,,,,,,,,,,
한강사업본부-한강시민공원(여의도안내센터)-13,한강시민공원(여의도안내센터),1.16E+18,서울특별시 영등포구 여의도동 29,,,126.9163889,37.52138889,공원명,,,,,,,,,,,,,,,,,,,
은평구-새락골어린이공원-1,새락골어린이공원,1.14E+18,서울특별시 은평구 신사동 5-21,,서울특별시 은평구 은평로3가길 34,126.9111667,37.59888889,공원명,,,,,,,,,,,,,,,,,,,
서초구-청룡어린이공원-1,청룡어린이공원,1.17E+18,서울특별시 서초구 반포동 78-13,,서울특별시 서초구 서래로2길 21,126.9995278,37.49594444,공원명,,,,,,,,,,,,,,,,,,,
중부녹지-간데메공원-1,간데메공원,,서울특별시 동대문구 답십리동 1001,,서울특별시 동대문구 답십리로38길 14,127.0491944,37.5735,공원명,,,,,,,,,,,,,,,,,,,
은평구-대조동어린이공원-2,대조동어린이공원,1.14E+18,서울특별시 은평구 대조동 202-26,,서울특별시 은평구 연서로24길 13,126.9200278,37.61566667,공원명,,,,,,,,,,,,,,,,,,,
강남구-논현까치공원-1,논현까치공원,,서울특별시 강남구 논현동 162-11,,서울특별시 강남구 강남대로122길 23,127.0250166,37.50837576,공원명,,,,,,,,,,,,,,,,,,,
동작구-노량진근린공원-6,노량진근린공원,,서울특별시 동작구 대방동 350-5,,서울특별시 동작구 여의대방로36길 71,126.926501,37.50641524,공원명,,,,,,,,,,,,,,,,,,,
강북구-솔샘어린이공원-1,솔샘어린이공원,,서울특별시 강북구 미아동 330-9,,서울특별시 강북구 도봉로19길 32,127.0272222,37.61805556,공원명,,,,,,,,,,,,,,,,,,,
은평구-대조동어린이공원-1,대조동어린이공원,1.14E+18,서울특별시 은평구 대조동 212,,서울특별시 은평구 연서로22길 9-30,126.9196389,37.61547222,공원명,,,,,,,,,,,,,,,,,,,
강북구-체류지마을마당-1,체류지마을마당,,서울특별시 강북구 미아동 51-12,,서울특별시 강북구 월계로7가길 9,127.0328989,37.61194748,공원명,,,,,,,,,,,,,,,,,,,
은평구-봉산도시자연공원-4,봉산도시자연공원,,서울특별시 은평구 증산동 산 18-6,,서울특별시 은평구 증산로5길 35-27,126.9022222,37.58472222,공원명,,,,,,,,,,,,,,,,,,,
동작구-도화공원-1,동작구-도화공원-1,1.16E+18,서울특별시 동작구 상도동 244-359,,서울특별시 동작구 성대로17길 52,126.9351788,37.49986988,공원,,,,,,,,,,,,,,,,,,,
서부녹지-월드컵경기장공원-1,월드컵경기장공원,,서울특별시 마포구 성산동 420,1.14E+21,서울특별시 마포구 월드컵로 240,126.8994444,37.56975,공원명,,,,,,,,,,,,,,,,,,,
동작구-제비어린이공원-1,제비어린이공원,1.16E+18,서울특별시 동작구 대방동 375-1,,서울특별시 동작구 대방동길 74,126.926,37.5065,공원명,,,,,,,,,,,,,,,,,,,
강북구-큰마을마당-1,큰마을마당,,서울특별시 강북구 미아동 767-91,,서울특별시 강북구 도봉로45길 88,127.0220859,37.62317771,공원명,,,,,,,,,,,,,,,,,,,
서부녹지-월드컵경기장공원-4,월드컵경기장공원,,서울특별시 마포구 성산동 산 53-28,1.14E+21,,126.8988937,37.57238733,공원명,,,,,,,,,,,,,,,,,,,
성동구-살곶이공원-5,살곶이공원,1.12E+18,서울특별시 성동구 용답동 222-2,,,127.0502605,37.55394791,공원명,,,,,,,,,,,,,,,,,,,
서부녹지-월드컵경기장공원-2,월드컵경기장공원,,서울특별시 마포구 성산동 502,1.14E+21,,126.8985278,37.57069444,공원명,,,,,,,,,,,,,,,,,,,
강남구-논현개나리공원-1,논현개나리공원,1.17E+18,서울특별시 강남구 논현동 150-5,,서울특별시 강남구 학동로26길 31,127.0300694,37.51140876,공원명,,,,,,,,,,,,,,,,,,,
관악구-청림어린이공원(어울림길)-1,청림어린이공원(어울림길),,서울특별시 관악구 봉천동 1717,,서울특별시 관악구 관악로30길 27,126.96175,37.48877778,공원명,,,,,,,,,,,,,,,,,,,
동대문구-홍릉공원-1,홍릉공원,,서울특별시 동대문구 청량리동 산 1-143,,서울특별시 동대문구 회기로10길 78,127.0469444,37.58930556,공원명,,,,,,,,,,,,,,,,,,,
동대문구-청량리동마을마당-1,청량리동마을마당,1.12E+18,서울특별시 동대문구 청량리동 57-19,,서울특별시 동대문구 왕산로45길 63,127.0479907,37.58623232,공원명,,,,,,,,,,,,,,,,,,,
동작구-상도근린공원-2,동작구-상도근린공원-1,1.16E+18,서울특별시 동작구 상도동 산 65-149,,서울특별시 동작구 양녕로23길 27,126.9407285,37.49553999,공원,,,,,,,,,,,,,,,,,,,
강북구-빨래골어린이공원-1,빨래골어린이공원,1.13E+18,서울특별시 강북구 수유동 475-115,,서울특별시 강북구 인수봉로28나길 26,127.0148832,37.62945769,공원명,,,,,,,,,,,,,,,,,,,
성동구-성원어린이공원-1,성원어린이공원,,서울특별시 성동구 성수동1가 13-21,,서울특별시 성동구 상원10길 21,127.0501102,37.550218,공원명,,,,,,,,,,,,,,,,,,,
관악구-청림어린이공원(어울림길)-2,청림어린이공원(어울림길),,서울특별시 관악구 봉천동 1717-9,,서울특별시 관악구 관악로30길 27,126.9618774,37.4883743,공원명,,,,,,,,,,,,,,,,,,,
동대문구-홍릉공원-2,홍릉공원,,서울특별시 동대문구 청량리동 206-19,,서울특별시 동대문구 회기로10길 60,127.0470278,37.59016667,공원명,,,,,,,,,,,,,,,,,,,
동대문구-샛말어린이공원-1,샛말어린이공원,1.12E+18,서울특별시 동대문구 전농동 695-1,,서울특별시 동대문구 답십리로23길 30,127.050431,37.57738815,공원명,,,,,,,,,,,,,,,,,,,
은평구-연신내물빛공원-1,연신내물빛공원,,서울특별시 은평구 갈현동 396-12,,서울특별시 은평구 통일로 855-8,126.9206944,37.61891667,공원명,,,,,,,,,,,,,,,,,,,
한강사업본부-한강시민공원(양화지구)-2,한강시민공원(양화지구),,서울특별시 영등포구 당산동 98-1,,서울특별시 영등포구 노들로 221,126.9021626,37.53849756,공원명,,,,,,,,,,,,,,,,,,,
은평구-시내어린이공원-1,시내어린이공원,,서울특별시 은평구 불광동 100-18,,서울특별시 은평구 연서로37길 41,126.9273889,37.62491667,공원명,,,,,,,,,,,,,,,,,,,
서초구-가꿀어린이공원-1,서초구-가꿀어린이공원-1,1.17E+18,서울특별시 서초구 방배동 859-1,,서울특별시 서초구 방배중앙로15길 19,126.9874126,37.4880437,공원명,,,,,,,,,,,,,,,,,,,
서부녹지-월드컵경기장공원-3,월드컵경기장공원,,서울특별시 마포구 성산동 509-5,1.14E+21,,126.89775,37.57063889,공원명,,,,,,,,,,,,,,,,,,,
영등포구-중마루공원-1,중마루공원,1.16E+18,서울특별시 영등포구 영등포동2가 141,,서울특별시 영등포구 영등포로53길 6,126.9116279,37.51945226,공원명,,,,,,,,,,,,,,,,,,,
강북구-송월어린이공원-1,송월어린이공원,,서울특별시 강북구 미아동 89-34,,서울특별시 강북구 오현로 16-8,127.0319444,37.61611111,공원명,,,,,,,,,,,,,,,,,,,
동작구-새벽 어린이공원-1,새벽 어린이공원,1.16E+18,서울특별시 동작구 상도동 333-2,,서울특별시 동작구 상도로13길 7,126.9302222,37.50066667,공원명,,,,,,,,,,,,,,,,,,,
은평구-길마어린이공원-1,길마어린이공원,1.14E+18,서울특별시 은평구 갈현동 474-1,,서울특별시 은평구 연서로21길 15,126.9159444,37.61472222,공원명,,,,,,,,,,,,,,,,,,,
한강사업본부-한강시민공원(양화지구)-3,한강시민공원(양화지구),,서울특별시 영등포구 당산동 71-2,,서울특별시 영등포구 선유로 314,126.9009716,37.53951681,공원명,,,,,,,,,,,,,,,,,,,
한강사업본부-한강시민공원망원지구-8,한강시민공원망원지구,1.14E+18,서울특별시 마포구 망원동 205-5,,서울특별시 마포구 마포나루길 429,126.8976944,37.55308333,공원명,,,,,,,,,,,,,,,,,,,
은평구-연신초교옆마을마당-1,연신초교옆마을마당,,서울특별시 은평구 불광동 73-1,,서울특별시 은평구 연서로 347,126.9286389,37.62688889,공원명,,,,,,,,,,,,,,,,,,,
은평구-새장골어린이공원-1,새장골어린이공원,1.14E+18,서울특별시 은평구 불광동 444-1,,서울특별시 은평구 연서로37가길 10-12,126.9262778,37.62525,공원명,,,,,,,,,,,,,,,,,,,
동작구-상도근린공원-1,상도근린공원,,서울특별시 동작구 상도동 산 65-235,,서울특별시 동작구 양녕로20길 3,126.94325,37.49269444,공원명,,,,,,,,,,,,,,,,,,,
은평구-봉산도시자연공원-2,봉산도시자연공원,1.14E+18,서울특별시 은평구 신사동 237-19,,서울특별시 은평구 가좌로11가길 38-10,126.9039167,37.59719444,공원명,,,,,,,,,,,,,,,,,,,
동대문구-활터어린이공원-1,텃골공원,,서울특별시 동대문구 전농동 690-1,,서울특별시 동대문구 서울시립대로12길 39,127.0516667,37.57766667,공원명,,,,,,,,,,,,,,,,,,,
마포구-망원동 마을마당-1,망원동 마을마당,1.14E+18,서울특별시 마포구 합정동 450-3,,서울특별시 마포구 동교로 2,126.9031944,37.55127778,공원명,,,,,,,,,,,,,,,,,,,
동작구-노량진근린공원-4,노량진근린공원,,서울특별시 동작구 대방동 350-5,,서울특별시 동작구 여의대방로36길 71,126.9275556,37.50866667,공원명,,,,,,,,,,,,,,,,,,,
강북구-삼양마을마당-1,삼양마을마당,1.13E+18,서울특별시 강북구 미아동 760-67,,서울특별시 강북구 삼양로43길 32,127.0182487,37.62250412,공원명,,,,,,,,,,,,,,,,,,,
성동구-살곶이공원-6,살곶이공원,1.12E+18,서울특별시 성동구 사근동 104,,,127.0469233,37.55397346,공원명,,,,,,,,,,,,,,,,,,,
성동구-수도박물관-1,수도박물관,,서울특별시 성동구 성수동1가 642-1,1.12E+21,서울특별시 성동구 왕십리로 27,127.0430556,37.53866667,공원명,,,,,,,,,,,,,,,,,,,
성동구-수도박물관-3,수도박물관,,서울특별시 성동구 성수동1가 642-1,1.12E+21,서울특별시 성동구 왕십리로 27,127.0430556,37.53866667,공원명,,,,,,,,,,,,,,,,,,,
성동구-수도박물관-2,수도박물관,,서울특별시 성동구 성수동1가 642-1,1.12E+21,서울특별시 성동구 왕십리로 27,127.0430556,37.53866667,공원명,,,,,,,,,,,,,,,,,,,
마포구-홍제천 생태하천공원-1,홍제천 생태하천공원,1.14E+18,서울특별시 마포구 성산동 595,,서울특별시 마포구 월드컵로 207,126.9017222,37.56333333,공원명,,,,,,,,,,,,,,,,,,,
성동-사근어린이공원,성동-사근어린이공원,,서울특별시 성동구 사근동 291-10,,서울특별시 성동구 사근동11나길 20,127.0476754,37.56345765,상세위치,,,,,,,,,,,,,,,,,,,
강남구-도산공원-3,도산공원,,서울특별시 강남구 신사동 649-9,,서울특별시 강남구 도산대로45길 20,127.0359471,37.52428308,공원명,,,,,,,,,,,,,,,,,,,
성동구-용답근린공원-1,용답근린공원,1.12E+18,서울특별시 성동구 용답동 129-2,,서울특별시 성동구 천호대로 232,127.0475556,37.56991667,공원명,,,,,,,,,,,,,,,,,,,
마포구-옹달샘어린이공원-1,옹달샘어린이공원,1.14E+18,서울특별시 마포구 망원동 408-4,,서울특별시 마포구 망원로2길 51,126.9021667,37.55486111,공원명,,,,,,,,,,,,,,,,,,,
은평구-불광동자투리녹지-1,불광동자투리녹지,1.14E+18,서울특별시 은평구 불광동 329-35,,서울특별시 은평구 통일로78가길 11,126.9257503,37.61848713,공원명,,,,,,,,,,,,,,,,,,,
성북구-동산어린이공원,성북구-동산어린이공원,,서울특별시 성북구 하월곡동 96-78,,서울특별시 성북구 종암로36길 53,127.0346751,37.60625522,상세주소,,,,,,,,,,,,,,,,,,,
동작구-노량진근린공원-5,노량진근린공원,,서울특별시 동작구 대방동 350-5,,서울특별시 동작구 여의대방로36길 71,126.9276944,37.50791667,공원명,,,,,,,,,,,,,,,,,,,
은평구-연천초교앞마을마당-1,연천초교앞마을마당,1.14E+18,서울특별시 은평구 불광동 346-24,,서울특별시 은평구 연서로34길 20,126.9286667,37.62122222,공원명,,,,,,,,,,,,,,,,,,,
성동구-살곶이공원-7,살곶이공원,1.12E+18,서울특별시 성동구 사근동 103-1,,,127.0474444,37.55411111,공원명,,,,,,,,,,,,,,,,,,,
강북구-청암어린이공원-1,청암어린이공원,1.13E+18,서울특별시 강북구 미아동 776-17,,서울특별시 강북구 삼양로53길 19-9,127.0171674,37.62412212,공원명,,,,,,,,,,,,,,,,,,,
동작구-노량진근린공원-9,노량진근린공원,1.16E+18,서울특별시 동작구 상도동 356-201,,서울특별시 동작구 상도로15사길 8,126.9326667,37.50386111,공원명,,,,,,,,,,,,,,,,,,,
은평구-대조청사옆마을마당-1,대조청사옆마을마당,1.14E+18,서울특별시 은평구 대조동 214-7,,서울특별시 은평구 연서로20길 24-3,126.9206111,37.61411111,공원명,,,,,,,,,,,,,,,,,,,
은평구-봉산도시자연공원-5,봉산도시자연공원,1.14E+18,서울특별시 은평구 증산동 산 21-3,,서울특별시 은평구 증산로5길 37-11,126.9040401,37.58488574,공원명,,,,,,,,,,,,,,,,,,,
성북구-정릉천-1,정릉천,1.13E+18,서울특별시 성북구 하월곡동 67-102,,서울특별시 성북구 화랑로 47,127.0377222,37.60233333,공원명,,,,,,,,,,,,,,,,,,,
마포구-두리어린이공원-1,두리어린이공원,1.14E+18,서울특별시 마포구 망원동 498,,서울특별시 마포구 월드컵로31길 77,126.9010278,37.56022222,공원명,,,,,,,,,,,,,,,,,,,
동작구-노량진근린공원-11,노량진근린공원,,서울특별시 동작구 대방동 350-5,,서울특별시 동작구 여의대방로36길 71,126.9279444,37.50697222,공원명,,,,,,,,,,,,,,,,,,,
동작구-노량진근린공원-10,노량진근린공원,,서울특별시 동작구 대방동 350-5,,서울특별시 동작구 여의대방로36길 71,126.9281791,37.50668702,공원명,,,,,,,,,,,,,,,,,,,
서초구-반포배수지몽마르뜨공원-1,반포배수지몽마르뜨공원,,서울특별시 서초구 반포동 산 59-1,,,127.0035556,37.49602778,공원명,,,,,,,,,,,,,,,,,,,
동대문구-새움어린이공원-1,새움어린이공원,1.12E+18,서울특별시 동대문구 답십리동 1009-1,,서울특별시 동대문구 천호대로 231,127.0485292,37.57067261,공원명,,,,,,,,,,,,,,,,,,,
중부녹지-간데메공원-2,간데메공원,,서울특별시 동대문구 전농동 647-49,,서울특별시 동대문구 답십리로30길 36,127.0482222,37.57358333,공원명,,,,,,,,,,,,,,,,,,,
성북구-일신어린이공원-1,일신어린이공원,1.13E+18,서울특별시 성북구 종암동 134-8,,서울특별시 성북구 월곡로11길 5-4,127.0396365,37.59996019,공원명,,,,,,,,,,,,,,,,,,,
은평구-역말어린이공원-1,역말어린이공원,1.14E+18,서울특별시 은평구 역촌동 46-5,,서울특별시 은평구 갈현로14길 29-1,126.9140278,37.60694444,공원명,,,,,,,,,,,,,,,,,,,
은평구-연신 어린이공원-1,연신 어린이공원,,서울특별시 은평구 불광동 339-12,,서울특별시 은평구 연서로32길 11-14,126.9250278,37.61963889,공원명,,,,,,,,,,,,,,,,,,,
강남구-논현목련(어린이공원)-1,논현목련(어린이공원),1.17E+18,서울특별시 강남구 논현동 137-18,,서울특별시 강남구 강남대로124길 65,127.0268919,37.51086314,공원명,,,,,,,,,,,,,,,,,,,
서초구-뒷벌어린이공원-1,뒷벌어린이공원,1.17E+18,서울특별시 서초구 방배동 821-1,,서울특별시 서초구 방배중앙로 121,126.9869885,37.4905411,공원명,,,,,,,,,,,,,,,,,,,
성동구-상원어린이공원-1,상원어린이공원,,서울특별시 성동구 성수동1가 715,,서울특별시 성동구 상원길 47,127.0474974,37.54750171,공원명,,,,,,,,,,,,,,,,,,,
성동구-살곶이공원-4,살곶이공원,1.12E+18,서울특별시 성동구 사근동 104,,,127.0487778,37.55447222,공원명,,,,,,,,,,,,,,,,,,,
성동구-살곶이공원-3,살곶이공원,1.12E+18,서울특별시 성동구 사근동 104,,,127.0487778,37.55447222,공원명,,,,,,,,,,,,,,,,,,,
한강사업본부-한강시민공원망원지구-6,한강시민공원망원지구,1.14E+18,서울특별시 마포구 망원동 205-5,,서울특별시 마포구 마포나루길 429,126.9011111,37.55111111,공원명,,,,,,,,,,,,,,,,,,,
은평구-봉산도시자연공원-3,봉산도시자연공원,,서울특별시 은평구 증산동 산 18-6,,서울특별시 은평구 증산로5길 35-27,126.902492,37.58371744,공원명,,,,,,,,,,,,,,,,,,,
한강사업본부-한강시민공원망원지구-7,한강시민공원망원지구,1.14E+18,서울특별시 마포구 합정동 465-6,,,126.9011111,37.55058333,공원명,,,,,,,,,,,,,,,,,,,
한강사업본부-한강시민공원(양화지구)-1,한강시민공원(양화지구),,서울특별시 영등포구 당산동 95-1,,서울특별시 영등포구 노들로 237,126.9046255,37.53766499,공원명,,,,,,,,,,,,,,,,,,,
서초구-반포배수지몽마르뜨공원-2,반포배수지몽마르뜨공원,,서울특별시 서초구 반포동 산 93,,,127.0033889,37.49480556,공원명,,,,,,,,,,,,,,,,,,,
국립서울현충원-현충원-7,현충원,,서울특별시 동작구 동작동 267-2,1.16E+21,,126.9722224,37.49834942,공원명,,,,,,,,,,,,,,,,,,,
국립서울현충원-현충원-19,현충원,,서울특별시 동작구 동작동 222-21,1.16E+21,서울특별시 동작구 현충로 210,126.9704686,37.49839114,공원명,,,,,,,,,,,,,,,,,,,
은평구-불광천 음수대-1,불광천 음수대,,서울특별시 은평구 증산동 163-1,,서울특별시 은평구 증산로 337,126.9125278,37.5865,공원명,,,,,,,,,,,,,,,,,,,
동부녹지-서울숲공원-5,서울숲공원,,서울특별시 성동구 성수동1가 685-124,,서울특별시 성동구 뚝섬로 273,127.0389444,37.54872222,공원명,,,,,,,,,,,,,,,,,,,
은평구-불광천 음수대-3,불광천 음수대,1.14E+18,서울특별시 은평구 응암동 586-17,,서울특별시 은평구 불광천길 382,126.9143056,37.59105556,공원명,,,,,,,,,,,,,,,,,,,
서대문구-나비울 어린이공원-1,나비울 어린이공원,,서울특별시 서대문구 북가좌동 472,,서울특별시 서대문구 수색로 100-75,126.9093333,37.57494444,공원명,,,,,,,,,,,,,,,,,,,
은평구-은평평화공원-1,은평평화공원,,서울특별시 은평구 녹번동 153-31,,서울특별시 은평구 서오릉로 63,126.9230833,37.60569444,공원명,,,,,,,,,,,,,,,,,,,
서부녹지-여의도공원-4,여의도공원,1.16E+18,서울특별시 영등포구 여의도동 2,,서울특별시 영등포구 여의공원로 68,126.9208333,37.52555556,공원명,,,,,,,,,,,,,,,,,,,
마포구-양화진 역사공원-1,양화진 역사공원,1.14E+18,서울특별시 마포구 합정동 139-21,,서울특별시 마포구 토정로 2,126.9111119,37.54549643,공원명,,,,,,,,,,,,,,,,,,,
성동구-마장어린이공원-1,마장어린이공원,1.12E+18,서울특별시 성동구 마장동 399-98,,서울특별시 성동구 마조로11길 6,127.041,37.56208333,공원명,,,,,,,,,,,,,,,,,,,
국립서울현충원-현충원-9,현충원,,서울특별시 동작구 동작동 267-2,1.16E+21,,126.9730479,37.49759596,공원명,,,,,,,,,,,,,,,,,,,
국립서울현충원-현충원-8,현충원,,서울특별시 동작구 동작동 283-12,1.16E+21,서울특별시 동작구 현충로 210,126.9710178,37.49751929,공원명,,,,,,,,,,,,,,,,,,,
은평구-관동 어린이공원-1,관동 어린이공원,,서울특별시 은평구 불광동 244-122,,서울특별시 은평구 통일로68가길 15,126.9295833,37.6135,공원명,,,,,,,,,,,,,,,,,,,
서대문구-해담는 어린이공원-1,해담는 어린이공원,,서울특별시 서대문구 북가좌동 324-37,,서울특별시 서대문구 증가로29길 30-47,126.9103611,37.58236111,공원명,,,,,,,,,,,,,,,,,,,
동작구-햇님 어린이공원-1,햇님 어린이공원,1.16E+18,서울특별시 동작구 상도1동 415,,서울특별시 동작구 상도로47길 51,126.9513056,37.5015,공원명,,,,,,,,,,,,,,,,,,,
은평구-불광천 음수대-4,불광천 음수대,,서울특별시 은평구 응암동 610-2,1.14E+21,서울특별시 은평구 증산로 414,126.9144772,37.59336805,공원명,,,,,,,,,,,,,,,,,,,
동작구-현충근린공원-1,현충근린공원,1.16E+18,서울특별시 동작구 흑석동 330,,,126.9593775,37.49898312,공원명,,,,,,,,,,,,,,,,,,,
은평구-분토골어린이공원-1,분토골어린이공원,1.14E+18,서울특별시 은평구 증산동 163-34,,서울특별시 은평구 증산로11길 5,126.9117275,37.58689035,공원명,,,,,,,,,,,,,,,,,,,
동작구-현충근린공원-2,동작구-현충근린공원-2,1.16E+18,서울특별시 동작구 흑석동 산 42-1,,,126.9578019,37.49931661,공원,,,,,,,,,,,,,,,,,,,
강남구-신사개나리공원-1,신사개나리공원,1.17E+18,서울특별시 강남구 신사동 609-3,,서울특별시 강남구 압구정로32길 32,127.0295556,37.52555556,공원명,,,,,,,,,,,,,,,,,,,
동부녹지-서울숲공원-1,서울숲공원,,서울특별시 성동구 성수동1가 685-20,,서울특별시 성동구 뚝섬로 273,127.0394722,37.54633333,공원명,,,,,,,,,,,,,,,,,,,
성북구-고암어린이공원-1,고암어린이공원,1.13E+18,서울특별시 성북구 종암동 133-5,,서울특별시 성북구 종암로25길 17,127.0317904,37.59990341,공원명,,,,,,,,,,,,,,,,,,,
국립서울현충원-현충원-20,현충원,,서울특별시 동작구 동작동 256-5,1.16E+21,,126.9731784,37.49674026,공원명,,,,,,,,,,,,,,,,,,,
서초구-신반포공원-1,신반포근린공원,,서울특별시 서초구 반포동 18-5,,,126.9981111,37.50088889,공원명,,,,,,,,,,,,,,,,,,,
마포구-성황당어린이공원-1,성황당어린이공원,1.14E+18,서울특별시 마포구 성산동 산 41-2,,서울특별시 마포구 월드컵북로 198-17,126.9073056,37.56905556,공원명,,,,,,,,,,,,,,,,,,,
은평구-불광천 음수대-2,불광천 음수대,1.14E+18,서울특별시 은평구 응암동 113-35,,서울특별시 은평구 불광천길 536,126.9161389,37.59797222,공원명,,,,,,,,,,,,,,,,,,,
서부녹지-여의도공원-1,여의도공원,1.16E+18,서울특별시 영등포구 여의도동 2,,서울특별시 영등포구 여의공원로 68,126.92,37.52416667,공원명,,,,,,,,,,,,,,,,,,,
동부녹지-서울숲공원-6,서울숲공원,,서울특별시 성동구 성수동1가 685-6,,서울특별시 성동구 서울숲2길 8-15,127.0393333,37.54352778,공원명,,,,,,,,,,,,,,,,,,,
은평구-불광 어린이공원-1,불광 어린이공원,,서울특별시 은평구 불광동 246-1,,서울특별시 은평구 불광로9가길 1,126.9313333,37.61638889,공원명,,,,,,,,,,,,,,,,,,,
국립서울현충원-현충원-21,현충원,,서울특별시 동작구 동작동 267-2,1.16E+21,,126.9713824,37.49634014,공원명,,,,,,,,,,,,,,,,,,,
국립서울현충원-현충원-25,현충원,,서울특별시 동작구 동작동 290,1.16E+21,서울특별시 동작구 현충로 210,126.967772,37.4965673,공원명,,,,,,,,,,,,,,,,,,,
서대문구-불광천 음수대-1,불광천 음수대,,서울특별시 서대문구 북가좌동 344-26,1.14E+21,서울특별시 서대문구 불광천길 166,126.9092033,37.5825637,공원명,,,,,,,,,,,,,,,,,,,
서부녹지-여의도공원-3,여의도공원,1.16E+18,서울특별시 영등포구 여의도동 2,,서울특별시 영등포구 여의공원로 68,126.9191667,37.52472222,공원명,,,,,,,,,,,,,,,,,,,
서대문구-신가 어린이 공원-1,신가 어린이 공원,,서울특별시 서대문구 북가좌동 320-10,,서울특별시 서대문구 거북골로22길 29-16,126.9085,37.58036111,공원명,,,,,,,,,,,,,,,,,,,
동부녹지-서울숲공원-2,서울숲공원,,서울특별시 성동구 성수동1가 685-715,,,127.0392222,37.54180556,공원명,,,,,,,,,,,,,,,,,,,
성북구-길빛근린공원-1,길빛근린공원,1.13E+18,서울특별시 성북구 길음동 510-141,,서울특별시 성북구 숭인로2길 61,127.0260443,37.60922739,공원명,,,,,,,,,,,,,,,,,,,
성동구-살곶이공원-2,살곶이공원,1.12E+18,서울특별시 성동구 행당동 81-1,,,127.04225,37.55322222,공원명,,,,,,,,,,,,,,,,,,,
은평구-불광근린공원-1,불광근린공원,,서울특별시 은평구 불광동 산 54-5,,서울특별시 은평구 불광로5가길 9-18,126.9299167,37.61591667,공원명,,,,,,,,,,,,,,,,,,,
강북구-북한산도시자연공원-1,북한산도시자연공원,1.13E+18,서울특별시 강북구 미아동 산 108-7,,,127.0097222,37.62305556,공원명,,,,,,,,,,,,,,,,,,,
동부녹지-서울숲공원-3,서울숲공원,,서울특별시 성동구 성수동1가 685-20,,서울특별시 성동구 뚝섬로 273,127.0408889,37.54594444,공원명,,,,,,,,,,,,,,,,,,,
한강사업본부-한강시민공원(여의도안내센터)-14,한강시민공원(여의도안내센터),1.16E+18,서울특별시 영등포구 여의도동 81-8,,서울특별시 영등포구 여의서로 160,126.9128271,37.53428544,공원명,,,,,,,,,,,,,,,,,,,
동부녹지-서울숲공원-4,서울숲공원,,서울특별시 성동구 성수동1가 685-20,,서울특별시 성동구 뚝섬로 273,127.0404167,37.54377778,공원명,,,,,,,,,,,,,,,,,,,
한강사업본부-한강시민공원(여의도안내센터)-15,한강시민공원(여의도안내센터),1.16E+18,서울특별시 영등포구 여의도동 1,,서울특별시 영등포구 국회대로 741,126.9131964,37.53301637,공원명,,,,,,,,,,,,,,,,,,,
동부녹지-뚝섬유수지체육공원-1,뚝섬유수지체육공원,,서울특별시 성동구 성수동1가 671-249,,서울특별시 성동구 왕십리로13길 15-2,127.0421233,37.5497569,공원명,,,,,,,,,,,,,,,,,,,
국립서울현충원-현충원-24,현충원,,서울특별시 동작구 동작동 290-8,1.16E+21,서울특별시 동작구 현충로 210,126.9673167,37.49536644,공원명,,,,,,,,,,,,,,,,,,,
동작구-장승배기역 교통섬-1,장승배기역 교통섬,,서울특별시 동작구 상도동 26-20,1.16E+21,서울특별시 동작구 장승배기로 80-2,126.9391406,37.50470702,공원명,,,,,,,,,,,,,,,,,,,
동작구-백로공원-1,동작구-백로공원-1,1.16E+18,서울특별시 동작구 상도동 362-46,,서울특별시 동작구 장승배기로19라길 51,126.9356508,37.50692549,공원,,,,,,,,,,,,,,,,,,,
서부녹지-여의도공원-2,여의도공원,1.16E+18,서울특별시 영등포구 여의도동 2,,서울특별시 영등포구 여의공원로 68,126.9183957,37.52374016,공원명,,,,,,,,,,,,,,,,,,,
동작구-노량진근린공원-1,노량진근린공원,,서울특별시 동작구 대방동 23-176,,서울특별시 동작구 여의대방로44길 39,126.9296944,37.51091667,공원명,,,,,,,,,,,,,,,,,,,
강남구-학동근린공원-2,학동근린공원,,서울특별시 강남구 논현동 27,1.17E+21,서울특별시 강남구 논현로145길 41,127.0258056,37.51644444,공원명,,,,,,,,,,,,,,,,,,,
동부녹지-서울숲공원-7,서울숲공원,,서울특별시 성동구 성수동1가 685-696,,서울특별시 성동구 서울숲2길 32-14,127.0421667,37.54544444,공원명,,,,,,,,,,,,,,,,,,,
강남구-신사무궁화공원-1,신사무궁화공원,1.17E+18,서울특별시 강남구 신사동 627-2,,서울특별시 강남구 언주로157길 8,127.0320833,37.524,공원명,,,,,,,,,,,,,,,,,,,
동부녹지-서울숲공원-8,서울숲공원,,서울특별시 성동구 성수동1가 685-20,,서울특별시 성동구 뚝섬로 273,127.0416055,37.54325614,공원명,,,,,,,,,,,,,,,,,,,
은평구-북한산도시자연공원-1,북한산도시자연공원,1.14E+18,서울특별시 은평구 불광동 25,,서울특별시 은평구 불광로18길 32,126.9351226,37.62224362,공원명,,,,,,,,,,,,,,,,,,,
강남구-학동근린공원-1,학동근린공원,,서울특별시 강남구 논현동 27-2,1.17E+21,서울특별시 강남구 학동로21길 52,127.0259167,37.51591667,공원명,,,,,,,,,,,,,,,,,,,
은평구-연서어린이공원-1,연서어린이공원,1.14E+18,서울특별시 은평구 역촌동 32-36,,서울특별시 은평구 연서로6길 8-1,126.9167705,37.60414111,공원명,,,,,,,,,,,,,,,,,,,
강남구-논현은행나무공원-1,논현은행나무공원,1.17E+18,서울특별시 강남구 논현동 47-13,,서울특별시 강남구 학동로3길 10,127.0225238,37.51250068,공원명,,,,,,,,,,,,,,,,,,,
서초구-서래상상공원-1,서래어린이공원,1.17E+18,서울특별시 서초구 반포동 71-6,,서울특별시 서초구 서래로8길 30,127.0003056,37.4985,공원명,,,,,,,,,,,,,,,,,,,
한강사업본부-한강시민공원망원지구-5,한강시민공원망원지구,1.14E+18,서울특별시 마포구 합정동 465-13,,서울특별시 마포구 마포나루길 552,126.9063092,37.54694383,공원명,,,,,,,,,,,,,,,,,,,
강북구-북한산도시자연공원-3,북한산도시자연공원,,서울특별시 강북구 미아동 산 108-94,,서울특별시 강북구 인수봉로17길 26,127.0108333,37.62472222,공원명,,,,,,,,,,,,,,,,,,,
은평구-신흥공원-1,신흥공원,1.14E+18,서울특별시 은평구 신사동 30-1,,서울특별시 은평구 증산로21길 29,126.91175,37.59611111,공원명,,,,,,,,,,,,,,,,,,,
은평구-시루뫼 어린이공원-1,시루뫼 어린이공원,1.14E+18,서울특별시 은평구 증산동 185-1,,서울특별시 은평구 증산로5길 13,126.9065278,37.58291667,공원명,,,,,,,,,,,,,,,,,,,
성북구-모랫말근린공원-1,모랫말근린공원,1.13E+18,서울특별시 성북구 하월곡동 90-206,,서울특별시 성북구 종암로34길 16,127.0326623,37.60495213,공원명,,,,,,,,,,,,,,,,,,,
강북구-오동근린공원-4,오동근린공원,,서울특별시 강북구 미아동 산 25-13,,서울특별시 강북구 오패산로52사길 24,127.0316667,37.62805556,공원명,,,,,,,,,,,,,,,,,,,
성북구-청량근린공원,성북구-청량근린공원,,서울특별시 성북구 상월곡동 산 8-10,,서울특별시 성북구 화랑로18가길 51,127.0503858,37.60423947,상세위치,,,,,,,,,,,,,,,,,,,
은평구-우물골근린공원(뉴타운)-2,우물골근린공원(뉴타운),,서울특별시 은평구 진관동 83,,서울특별시 은평구 진관2로 77,126.9255833,37.63436111,공원명,,,,,,,,,,,,,,,,,,,
강북구-오동근린공원-9,오동근린공원,1.13E+18,서울특별시 강북구 미아동 산 25-14,,서울특별시 강북구 오현로21길 142,127.0324504,37.62747806,공원명,,,,,,,,,,,,,,,,,,,
영등포구-고추말어린이공원-1,고추말어린이공원,1.16E+18,서울특별시 영등포구 도림동 129-4,,서울특별시 영등포구 영신로9바길 7-8,126.9069444,37.51138889,공원명,,,,,,,,,,,,,,,,,,,
강북구-세일어린이공원-1,세일어린이공원,1.13E+18,서울특별시 강북구 미아동 162-1,,서울특별시 강북구 덕릉로30길 30,127.0252778,37.63361111,공원명,,,,,,,,,,,,,,,,,,,
동대문구-아름드리어린이공원-1,아름드리어린이공원,1.12E+18,서울특별시 동대문구 전농동 55-23,,서울특별시 동대문구 사가정로15길 31,127.0595,37.57916667,공원명,,,,,,,,,,,,,,,,,,,
관악구-석봉어린이공원-1,선봉어린이공원,,서울특별시 관악구 봉천동 942-29,,서울특별시 관악구 봉천로27길 20,126.9395299,37.48516747,공원명,,,,,,,,,,,,,,,,,,,
성북구-동방어린이공원-1,동방어린이공원,1.13E+18,서울특별시 성북구 장위동 219-222,,서울특별시 성북구 장위로15길 61,127.0434722,37.61661111,공원명,,,,,,,,,,,,,,,,,,,
서초구-분토골공원-1,분토골어린이공원,1.17E+18,서울특별시 서초구 서초동 1627-4,,서울특별시 서초구 사임당로12길 17,127.0174968,37.48835089,공원명,,,,,,,,,,,,,,,,,,,
성동구-송정제방공원-2,송정제방공원,1.12E+18,서울특별시 성동구 송정동 67-29,,서울특별시 성동구 송정길 8,127.0604167,37.54886111,공원명,,,,,,,,,,,,,,,,,,,
동대문구-새싹마을마당-1,새싹마을마당,1.12E+18,서울특별시 동대문구 휘경동 281-29,,서울특별시 동대문구 망우로12나길 30,127.0584632,37.5879417,공원명,,,,,,,,,,,,,,,,,,,
서부녹지-월드컵공원-21,월드컵공원,,서울특별시 마포구 상암동 481-72,,서울특별시 마포구 하늘공원로 95,126.8875489,37.56625622,공원명,,,,,,,,,,,,,,,,,,,
동대문구-답십리공원-1,답십리공원,1.12E+18,서울특별시 동대문구 답십리동 41-1,,,127.0615833,37.57191667,공원명,,,,,,,,,,,,,,,,,,,
동작구-사당 만남의 공원-1,사당 만남의 공원,1.16E+18,서울특별시 동작구 사당동 1043-3,,서울특별시 동작구 남부순환로271길 8,126.9801714,37.47690979,공원명,,,,,,,,,,,,,,,,,,,
강북구-번남어린이공원-1,번남어린이공원,,서울특별시 강북구 번동 447-1,,서울특별시 강북구 오패산로77길 41,127.0249395,37.63573728,공원명,,,,,,,,,,,,,,,,,,,
중부녹지-북서울꿈의숲-5,북서울꿈의숲,,서울특별시 강북구 번동 90,,서울특별시 강북구 월계로 173,127.0410826,37.62110342,공원명,,,,,,,,,,,,,,,,,,,
서부녹지-월드컵공원-19,월드컵공원,,서울특별시 마포구 상암동 481-72,,서울특별시 마포구 하늘공원로 95,126.88725,37.56880556,공원명,,,,,,,,,,,,,,,,,,,
관악구-송학어린이공원-1,송학어린이공원,,서울특별시 관악구 봉천동 877-21,,서울특별시 관악구 남부순환로216길 35-5,126.9494094,37.48025645,공원명,,,,,,,,,,,,,,,,,,,
서초구-상명달근린공원-1,상명달어린이공원,1.17E+18,서울특별시 서초구 서초동 1488-4,,서울특별시 서초구 명달로8길 11,127.0056111,37.48213889,공원명,,,,,,,,,,,,,,,,,,,
동대문구-답십리공원-3,답십리근린공원,1.12E+18,서울특별시 동대문구 답십리동 2-299,,,127.0620709,37.57245872,공원명,,,,,,,,,,,,,,,,,,,
영등포구-신길9구역(소공원)-1,신길9구역(소공원),1.16E+18,서울특별시 영등포구 신길동 4969-1,,서울특별시 영등포구 신길로28길 16,126.9119684,37.50273387,공원명,,,,,,,,,,,,,,,,,,,
동작구-까치근린공원-1,까치근린공원,,서울특별시 관악구 봉천동 산 66-3,,서울특별시 관악구 남부순환로251길 20-1,126.9692891,37.47641298,공원명,,,,,,,,,,,,,,,,,,,
영등포구-당산공원-1,당산공원,1.16E+18,서울특별시 영등포구 당산동3가 382,,서울특별시 영등포구 당산로27길 5,126.8958333,37.52527778,공원명,,,,,,,,,,,,,,,,,,,
관악구-까치산 근린공원-1,까치산 근린공원,,서울특별시 관악구 봉천동 1692-1,,서울특별시 관악구 남부순환로251길 18,126.9694167,37.47633333,공원명,,,,,,,,,,,,,,,,,,,
서부녹지-월드컵공원-5,월드컵공원,,서울특별시 마포구 상암동 1538,,,126.887,37.57244444,공원명,,,,,,,,,,,,,,,,,,,
강북구-오동근린공원-10,오동근린공원,1.13E+18,서울특별시 강북구 번동 산 5,,서울특별시 강북구 덕릉로40다길 33-68,127.0292404,37.63332625,공원명,,,,,,,,,,,,,,,,,,,
관악구-모래내공원-1,모래내공원,1.16E+18,서울특별시 관악구 봉천동 1613-14,,서울특별시 관악구 남부순환로230길 45,126.9554444,37.47811111,공원명,,,,,,,,,,,,,,,,,,,
성북구-돌뫼어린이공원-1,돌뫼어린이공원,1.13E+18,서울특별시 성북구 석관동 340-304,,서울특별시 성북구 화랑로18길 96,127.0529676,37.60487982,공원명,,,,,,,,,,,,,,,,,,,
중부녹지-북서울꿈의숲-4,북서울꿈의숲,,서울특별시 강북구 번동 90,,서울특별시 강북구 월계로 173,127.0413889,37.62194444,공원명,,,,,,,,,,,,,,,,,,,
관악구-색동 어린이공원-1,색동 어린이공원,1.16E+18,서울특별시 관악구 신림동 1429-1,,서울특별시 관악구 신림로 391,126.9280833,37.48905556,공원명,,,,,,,,,,,,,,,,,,,
서부녹지-월드컵공원-18,월드컵공원,,서울특별시 마포구 상암동 481-72,,서울특별시 마포구 하늘공원로 95,126.8864444,37.56908333,공원명,,,,,,,,,,,,,,,,,,,
동대문구-답십리공원-2,답십리공원,1.12E+18,서울특별시 동대문구 답십리동 산 2-1,,,127.0625833,37.57422222,공원명,,,,,,,,,,,,,,,,,,,
동부녹지-보라매공원-4,보라매공원,,서울특별시 동작구 신대방동 395,,서울특별시 동작구 여의대방로20길 33,126.920528,37.49385726,공원명,,,,,,,,,,,,,,,,,,,
동대문구-이슬어린이공원-1,이슬어린이공원,1.12E+18,서울특별시 동대문구 장안동 190-70,,서울특별시 동대문구 한천로 72-31,127.0635,37.56791667,공원명,,,,,,,,,,,,,,,,,,,
영등포구-영등포1동어린이공원-1,영등포1동어린이공원,1.16E+18,서울특별시 영등포구 영등포동 624-20,,서울특별시 영등포구 도영로22길 38,126.9038889,37.51027778,공원명,,,,,,,,,,,,,,,,,,,
강북구-상산어린이공원-1,상산어린이공원,,서울특별시 강북구 수유동 224-4,,서울특별시 강북구 노해로8길 23,127.0238889,37.63833333,공원명,,,,,,,,,,,,,,,,,,,
강북구-오동근린공원-2,오동근린공원,1.13E+18,서울특별시 강북구 번동 산 23,,서울특별시 강북구 오현로25마길 8,127.0358333,37.62888889,공원명,,,,,,,,,,,,,,,,,,,
중부녹지-북서울꿈의숲-2,북서울꿈의숲,,서울특별시 강북구 번동 90,,서울특별시 강북구 월계로 173,127.0438099,37.6203073,공원명,,,,,,,,,,,,,,,,,,,
강북구-오동근린공원-1,오동근린공원,1.13E+18,서울특별시 강북구 번동 산 23-12,,,127.0355734,37.6291759,공원명,,,,,,,,,,,,,,,,,,,
강남구-청담근린공원-1,청담근린공원,,서울특별시 강남구 청담동 66-3,,서울특별시 강남구 학동로95길 51,127.0531459,37.52195856,공원명,,,,,,,,,,,,,,,,,,,
강북구-오동근린공원-8,오동근린공원(학구회입구),1.13E+18,서울특별시 강북구 번동 산 23-15,,서울특별시 강북구 오현로25라길 6,127.0361375,37.62866661,공원명,,,,,,,,,,,,,,,,,,,
마포구-생활체육공원-1,생활체육공원,,서울특별시 마포구 망원동 450-1,,서울특별시 마포구 방울내로11길 198,126.8966944,37.55863889,공원명,,,,,,,,,,,,,,,,,,,
성북구-밤골어린이공원-1,밤골어린이공원,,서울특별시 성북구 하월곡동 산 2-140,,서울특별시 성북구 화랑로13가길 17-8,127.0397778,37.60752778,공원명,,,,,,,,,,,,,,,,,,,
서부녹지-월드컵공원-27,월드컵공원,,서울특별시 마포구 성산동 390-1,,서울특별시 마포구 월드컵로 243-48,126.8963889,37.56230556,공원명,,,,,,,,,,,,,,,,,,,
동작구-삼일근린공원-1,삼일근린공원,1.16E+18,서울특별시 동작구 사당동 산 24-17,,서울특별시 동작구 사당로23길 57-7,126.9747222,37.48572222,공원명,,,,,,,,,,,,,,,,,,,
한강사업본부-한강시민공원망원지구-9,한강시민공원망원지구,1.14E+18,서울특별시 마포구 망원동 205-8,,서울특별시 마포구 마포나루길 442,126.8968889,37.55363889,공원명,,,,,,,,,,,,,,,,,,,
동작구-까치산 근린공원-2,까치산 근린공원,1.16E+18,서울특별시 동작구 사당동 205-5,,서울특별시 동작구 사당로4길 52,126.9645278,37.48602778,공원명,,,,,,,,,,,,,,,,,,,
강북구-수유일공원-1,수유일공원,,서울특별시 강북구 수유동 605-404,,서울특별시 강북구 삼양로77길 2,127.0174239,37.63045507,공원명,,,,,,,,,,,,,,,,,,,
동작구-삼일근린공원-2,삼일근린공원,1.16E+18,서울특별시 동작구 사당동 산 24-17,,서울특별시 동작구 사당로23길 57-7,126.9751667,37.48519444,공원명,,,,,,,,,,,,,,,,,,,
동대문구-장령당 공원-1,장령당 공원,1.12E+18,서울특별시 동대문구 답십리동 320-20,,서울특별시 동대문구 사가정로2길 59,127.0534944,37.5697924,공원명,,,,,,,,,,,,,,,,,,,
은평구-진관사-1,진관사,1.14E+18,서울특별시 은평구 진관동 354,,서울특별시 은평구 진관길 73,126.9466389,37.63805556,공원명,,,,,,,,,,,,,,,,,,,
영등포구-영등포공원-1,영등포공원,,서울특별시 영등포구 영등포동 582-3,,서울특별시 영등포구 신길로 275,126.9116667,37.51611111,공원명,,,,,,,,,,,,,,,,,,,
강남구-논현소나무공원-1,논현소나무공원,1.17E+18,서울특별시 강남구 논현동 239-1,,서울특별시 강남구 학동로 318,127.0375833,37.51591667,공원명,,,,,,,,,,,,,,,,,,,
서초구-너른골어린이공원-1,너른골어린이공원,1.17E+18,서울특별시 서초구 방배동 143,,서울특별시 서초구 서초대로 114-8,126.9948823,37.48747444,공원명,,,,,,,,,,,,,,,,,,,
성동구-송정제방공원-3,송정제방공원,1.12E+18,서울특별시 성동구 송정동 75-24,,,127.0530178,37.55100646,공원명,,,,,,,,,,,,,,,,,,,
서부녹지-월드컵공원-28,월드컵공원,,서울특별시 마포구 성산동 390-1,,서울특별시 마포구 월드컵로 243-48,126.8952778,37.56252778,공원명,,,,,,,,,,,,,,,,,,,
성북구-오동근린공원-3,오동근린공원,1.13E+18,서울특별시 성북구 하월곡동 산 2-1,,서울특별시 성북구 화랑로13가길 110,127.0409444,37.60844444,공원명,,,,,,,,,,,,,,,,,,,
강남구-청담은행나무공원-1,청담은행나무공원,1.17E+18,서울특별시 강남구 청담동 94-4,,서울특별시 강남구 도산대로67길 15,127.0441944,37.52508333,공원명,,,,,,,,,,,,,,,,,,,
동작구-빙수골 마을공원-1,빙수골 마을공원,1.16E+18,서울특별시 동작구 상도동 294-6,,서울특별시 동작구 국사봉1길 114,126.9321111,37.49661111,공원명,,,,,,,,,,,,,,,,,,,
성북구-상월곡동녹지쉼터-1,상월곡동녹지쉼터,1.13E+18,서울특별시 성북구 상월곡동 75-54,,서울특별시 성북구 장월로1마길 27-4,127.0429331,37.60573934,공원명,,,,,,,,,,,,,,,,,,,
성동구-용답꽃공원-1,용답꽃공원,,서울특별시 성동구 용답동 24-37,,서울특별시 성동구 용답길 133,127.0545833,37.56055556,공원명,,,,,,,,,,,,,,,,,,,
마포구-휴암어린이공원-1,휴암어린이공원,1.14E+18,서울특별시 마포구 상암동 15-17,,서울특별시 마포구 월드컵북로48길 28-11,126.8957442,37.5771078,공원명,,,,,,,,,,,,,,,,,,,
은평구-향림도시농업체험원-1,향림도시농업체험원,1.14E+18,서울특별시 은평구 불광동 462-1,,서울특별시 은평구 연서로43길 16-15,126.9263889,37.62794444,공원명,,,,,,,,,,,,,,,,,,,
성동구-성수근린공원-1,성수근린공원,,서울특별시 성동구 성수동2가 302-8,,서울특별시 성동구 연무장5길 9-16,127.0523868,37.54483882,공원명,,,,,,,,,,,,,,,,,,,
한강사업본부-한강시민공원(양화지구)-4,한강시민공원(양화지구),,서울특별시 영등포구 당산동 53-2,,,126.8980914,37.54085644,공원명,,,,,,,,,,,,,,,,,,,
서초구-명달근린공원-1,명달근린공원,1.17E+18,서울특별시 서초구 서초동 1313,,서울특별시 서초구 서운로21길 2,127.0213065,37.49890328,공원명,,,,,,,,,,,,,,,,,,,
한강사업본부-한강시민공원망원지구-10,한강시민공원망원지구,1.14E+18,서울특별시 마포구 망원동 205-5,,서울특별시 마포구 마포나루길 429,126.8949322,37.55569223,공원명,,,,,,,,,,,,,,,,,,,
관악구-국회단지 어린이공원-1,국회단지 어린이공원,,서울특별시 관악구 봉천동 635-81,,서울특별시 관악구 국회단지22길 16,126.9431111,37.49030556,공원명,,,,,,,,,,,,,,,,,,,
성북구-오동근린공원-1,오동근린공원,1.13E+18,서울특별시 성북구 하월곡동 산 2-41,,,127.04075,37.60986111,공원명,,,,,,,,,,,,,,,,,,,
은평구-봉산도시자연공원-1,봉산도시자연공원,1.14E+18,서울특별시 은평구 수색동 산 21-1,,서울특별시 은평구 은평터널로 43-45,126.897673,37.58721268,공원명,,,,,,,,,,,,,,,,,,,
한강사업본부-한강시민공원망원지구-11,한강시민공원망원지구,1.14E+18,서울특별시 마포구 망원동 205-5,,서울특별시 마포구 마포나루길 429,126.8947847,37.55503349,공원명,,,,,,,,,,,,,,,,,,,
서부녹지-월드컵공원-25,월드컵공원,,서울특별시 마포구 상암동 1535,,서울특별시 마포구 월드컵로 243-48,126.8940849,37.562804,공원명,,,,,,,,,,,,,,,,,,,
서부녹지-월드컵공원-26,월드컵공원,,서울특별시 마포구 상암동 1535,,서울특별시 마포구 월드컵로 243-48,126.8940036,37.56480006,공원명,,,,,,,,,,,,,,,,,,,
마포구-문화비축기지-7,문화비축기지,,서울특별시 마포구 성산동 661,,,126.8941409,37.5695238,공원명,,,,,,,,,,,,,,,,,,,
영등포구-양평어린이공원-1,양평어린이공원,1.16E+18,서울특별시 영등포구 양평동4가 316-1,,서울특별시 영등포구 양평로18길 21,126.8981741,37.53831281,공원명,,,,,,,,,,,,,,,,,,,
마포구-문화비축기지-4,문화비축기지,1.14E+18,서울특별시 마포구 성산동 670,,서울특별시 마포구 증산로 87,126.8942227,37.57200742,공원명,,,,,,,,,,,,,,,,,,,
강북구-꿈동산마을마당-1,꿈동산마을마당,,서울특별시 강북구 미아동 8-137,,서울특별시 강북구 월계로21길 18,127.0380556,37.61444444,공원명,,,,,,,,,,,,,,,,,,,
한강사업본부-한강시민공원(양화지구)-5,한강시민공원(양화지구),,서울특별시 영등포구 당산동 33-1,,,126.8969702,37.54163039,공원명,,,,,,,,,,,,,,,,,,,
영등포구-영등포공원-2,영등포공원,,서울특별시 영등포구 영등포동 582-3,,서울특별시 영등포구 신길로 275,126.9108333,37.51444444,공원명,,,,,,,,,,,,,,,,,,,
동대문구-새샘근린공원-1,새샘근린공원,1.12E+18,서울특별시 동대문구 답십리동 1004-7,,서울특별시 동대문구 전농로3길 23,127.0554602,37.56961955,공원명,,,,,,,,,,,,,,,,,,,
성북구-오동근린공원-4,오동근린공원,1.13E+18,서울특별시 성북구 하월곡동 산 2-1,,서울특별시 성북구 화랑로13가길 110-8,127.041208,37.61038696,공원명,,,,,,,,,,,,,,,,,,,
영등포구-영등포공원-3,영등포공원,,서울특별시 영등포구 영등포동 582-3,,서울특별시 영등포구 신길로61길 28,126.9098821,37.51553169,공원명,,,,,,,,,,,,,,,,,,,
동작구-상도3동 마을공원-1,상도3동 마을공원,,서울특별시 동작구 상도동 459,,서울특별시 동작구 국사봉길 175,126.9355,37.49322222,공원명,,,,,,,,,,,,,,,,,,,
한강사업본부-한강시민공원(양화지구)-6,한강시민공원(양화지구),,서울특별시 영등포구 당산동 30-3,,서울특별시 영등포구 노들로 147,126.8963889,37.5425,공원명,,,,,,,,,,,,,,,,,,,
성동구-무지개어린이공원-1,무지개어린이공원,1.12E+18,서울특별시 성동구 성수동2가 333-123,,서울특별시 성동구 성수일로4길 37,127.0529167,37.54194444,공원명,,,,,,,,,,,,,,,,,,,
한강사업본부-한강시민공원망원지구-12,한강시민공원망원지구,1.14E+18,서울특별시 마포구 망원동 205-5,,서울특별시 마포구 마포나루길 407,126.8938056,37.55583333,공원명,,,,,,,,,,,,,,,,,,,
은평구-물푸레근린공원(뉴타운)-1,물푸레근린공원(뉴타운),,서울특별시 은평구 진관동 9999-1,,서울특별시 은평구 진관1로 85,126.9283338,37.63126259,공원명,,,,,,,,,,,,,,,,,,,
강북구-푸른어린이공원-1,푸른어린이공원,,서울특별시 강북구 수유동 516-23,,서울특별시 강북구 삼각산로4길 42,127.0086111,37.63833333,공원명,,,,,,,,,,,,,,,,,,,
강북구-오패어린이공원-1,오패어린이공원,,서울특별시 강북구 미아동 258-467,,서울특별시 강북구 오패산로 229,127.032,37.62222222,공원명,,,,,,,,,,,,,,,,,,,
마포구-문화비축기지-6,문화비축기지,,서울특별시 마포구 성산동 670,,서울특별시 마포구 증산로 87,126.8934167,37.57127778,공원명,,,,,,,,,,,,,,,,,,,
동대문구-전곡마을마당-1,전곡마을마당,1.12E+18,서울특별시 동대문구 전농동 199-56,,서울특별시 동대문구 전농로25길 17-6,127.0545843,37.58073438,공원명,,,,,,,,,,,,,,,,,,,
한강사업본부-한강시민공원망원지구-14,한강시민공원망원지구,1.14E+18,서울특별시 마포구 망원동 312-3,,서울특별시 마포구 마포나루길 386,126.893386,37.55718278,공원명,,,,,,,,,,,,,,,,,,,
마포구-문화비축기지-5,문화비축기지,,서울특별시 마포구 성산동 670,,서울특별시 마포구 증산로 87,126.8933611,37.57122222,공원명,,,,,,,,,,,,,,,,,,,
강북구-오동근린공원-6,오동근린공원(구봉놀이터),1.13E+18,서울특별시 강북구 미아동 산 25-43,,서울특별시 강북구 오현로 45,127.0337342,37.62061493,공원명,,,,,,,,,,,,,,,,,,,
은평구-제9호근린공원(뉴타운)-3,제9호근린공원(뉴타운),,서울특별시 은평구 진관동 110,,서울특별시 은평구 진관1로 77-11,126.9288333,37.63180556,공원명,,,,,,,,,,,,,,,,,,,
동대문구-전농동마을마당-1,전농동마을마당,1.12E+18,서울특별시 동대문구 전농동 103-533,,서울특별시 동대문구 전농로 208,127.0542778,37.58283333,공원명,,,,,,,,,,,,,,,,,,,
은평구-제9호근린공원(뉴타운)-2,제9호근린공원(뉴타운),,서울특별시 은평구 진관동 108,,서울특별시 은평구 진관1로 77-23,126.9296389,37.63258333,공원명,,,,,,,,,,,,,,,,,,,
성북구-월곡2동고가옆녹지쉼터-1,월곡2동고가옆녹지쉼터,1.13E+18,서울특별시 성북구 하월곡동 5-2,,서울특별시 성북구 화랑로15길 12,127.0456919,37.60525764,공원명,,,,,,,,,,,,,,,,,,,
영등포구-메낙골근린공원-1,메낙골근린공원,1.16E+18,서울특별시 영등포구 신길동 4934-1,,서울특별시 영등포구 신길로42길 35,126.9152514,37.50755889,공원명,,,,,,,,,,,,,,,,,,,
한강사업본부-한강시민공원망원지구-15,한강시민공원망원지구,1.14E+18,서울특별시 마포구 상암동 1537-3,,,126.8927782,37.55779032,공원명,,,,,,,,,,,,,,,,,,,
은평구-서갈현어린공원-1,서갈현어린공원,1.14E+18,서울특별시 은평구 갈현동 434-38,,서울특별시 은평구 갈현로35길 12-8,126.9156944,37.62152778,공원명,,,,,,,,,,,,,,,,,,,
한강사업본부-한강시민공원망원지구-13,한강시민공원망원지구,1.14E+18,서울특별시 마포구 상암동 1537-3,,,126.8925556,37.5585,공원명,,,,,,,,,,,,,,,,,,,
동작구-옹달샘 어린이공원-1,옹달샘 어린이공원,1.16E+18,서울특별시 동작구 상도동 299-219,,서울특별시 동작구 국사봉2라길 24-14,126.9296111,37.49522222,공원명,,,,,,,,,,,,,,,,,,,
마포구-문화비축기지-3,문화비축기지,,서울특별시 마포구 성산동 670,,서울특별시 마포구 증산로 87,126.8924665,37.57143055,공원명,,,,,,,,,,,,,,,,,,,
동작구-까치산 근린공원-1,까치산 근린공원,1.16E+18,서울특별시 동작구 사당동 산 32-77,,서울특별시 동작구 솔밭로 60,126.9667222,37.48188889,공원명,,,,,,,,,,,,,,,,,,,
마포구-문화비축기지-8,문화비축기지,1.14E+18,서울특별시 마포구 성산동 670,,서울특별시 마포구 증산로 87,126.8923872,37.57212868,공원명,,,,,,,,,,,,,,,,,,,
서부녹지-월드컵공원-24,월드컵공원,,서울특별시 마포구 상암동 1535,,서울특별시 마포구 월드컵로 243-48,126.8919722,37.562,공원명,,,,,,,,,,,,,,,,,,,
동대문구-동산어린이공원-1,동산어린이공원,1.12E+18,서울특별시 동대문구 답십리동 488-36,,서울특별시 동대문구 전농로2나길 7,127.0574722,37.56694444,공원명,,,,,,,,,,,,,,,,,,,
강북구-색동어린이공원-1,색동어린이공원,,서울특별시 강북구 수유동 49-7,,서울특별시 강북구 삼양로80나길 52,127.0206711,37.63306529,공원명,,,,,,,,,,,,,,,,,,,
은평구-박석어린이공원-1,박석어린이공원,1.14E+18,서울특별시 은평구 갈현동 416-3,,서울특별시 은평구 통일로89길 18-14,126.9185556,37.62513889,공원명,,,,,,,,,,,,,,,,,,,
은평구-제9호근린공원(뉴타운)-1,제9호근린공원(뉴타운),,서울특별시 은평구 진관동 107,,서울특별시 은평구 진관2로 90,126.93,37.63405556,공원명,,,,,,,,,,,,,,,,,,,
은평구-구산동마을공원-1,구산동마을공원,,서울특별시 은평구 구산동 342-1,,서울특별시 은평구 서오릉로17길 7,126.9086111,37.61433333,공원명,,,,,,,,,,,,,,,,,,,
서부녹지-월드컵공원-6,월드컵공원,,서울특별시 마포구 상암동 1538,,,126.8917955,37.56794566,공원명,,,,,,,,,,,,,,,,,,,
중부녹지-북서울꿈의숲-7,북서울꿈의숲,,서울특별시 강북구 미아동 산 35-65,,,127.038369,37.61785252,공원명,,,,,,,,,,,,,,,,,,,
은평구-갈곡리어린이공원-1,갈곡리어린이공원,1.14E+18,서울특별시 은평구 갈현동 436-51,,서울특별시 은평구 갈현로41길 3,126.9164541,37.62396897,공원명,,,,,,,,,,,,,,,,,,,
성북구-오동근린공원-2,오동근린공원,1.13E+18,서울특별시 성북구 상월곡동 산 1-1,,,127.0445821,37.60982993,공원명,,,,,,,,,,,,,,,,,,,
중부녹지-북서울꿈의숲-8,북서울꿈의숲,,서울특별시 강북구 미아동 산 35-64,,,127.0380128,37.6186443,공원명,,,,,,,,,,,,,,,,,,,
관악구-새싹 어린이공원-1,새싹 어린이공원,,서울특별시 관악구 봉천동 1512-9,,서울특별시 관악구 양녕로6다길 11-4,126.9495556,37.48444444,공원명,,,,,,,,,,,,,,,,,,,
동작구-까치어린이공원-1,까치어린이공원,1.16E+18,서울특별시 동작구 사당동 1028-1,,서울특별시 동작구 동작대로9길 35,126.97975,37.48055556,공원명,,,,,,,,,,,,,,,,,,,
은평구-제각말문화공원-1,제각말문화공원,,서울특별시 은평구 진관동 산 104-7,1.14E+21,서울특별시 은평구 연서로48길 41,126.9381899,37.63966306,공원명,,,,,,,,,,,,,,,,,,,
성북구-향기어린이공원-1,향기어린이공원,1.13E+18,서울특별시 성북구 상월곡동 산 1-1,,서울특별시 성북구 장월로3길 47,127.0453611,37.60938889,공원명,,,,,,,,,,,,,,,,,,,
관악구-중앙어린이공원-1,중앙어린이공원,1.16E+18,서울특별시 관악구 봉천동 890-1,,서울특별시 관악구 봉천로41길 35,126.9483889,37.48436111,공원명,,,,,,,,,,,,,,,,,,,
서초구-하명달어린이공원,서초구-하명달어린이공원,,서울특별시 서초구 서초동 1518-1,,서울특별시 서초구 명달로20길 25,127.0054528,37.48589662,상세주소,,,,,,,,,,,,,,,,,,,
은평구-궁말어린이공원-1,궁말어린이공원,1.14E+18,서울특별시 은평구 갈현동 327-18,,서울특별시 은평구 서오릉로20길 13,126.909,37.61675,공원명,,,,,,,,,,,,,,,,,,,
서초구-청두공원-1,청두어린이공원,1.17E+18,서울특별시 서초구 방배동 463-14,,서울특별시 서초구 방배천로8길 42,126.9849722,37.48052778,공원명,,,,,,,,,,,,,,,,,,,
동작구-양지 어린이공원-1,양지 어린이공원,1.16E+18,서울특별시 동작구 사당동 440-9,,서울특별시 동작구 남부순환로269길 102,126.9740121,37.4798773,공원명,,,,,,,,,,,,,,,,,,,
강북구-벽오산어린이공원-1,벽오산어린이공원,1.13E+18,서울특별시 강북구 미아동 258-56,,서울특별시 강북구 오패산로52아길 34,127.0302423,37.62765857,공원명,,,,,,,,,,,,,,,,,,,
한강사업본부-한강시민공원(양화지구)-7,한강시민공원(양화지구),,서울특별시 영등포구 양화동 25-1,,,126.8927778,37.54388889,공원명,,,,,,,,,,,,,,,,,,,
한강사업본부-한강시민공원(양화지구)-10,한강시민공원(양화지구),1.16E+18,서울특별시 영등포구 양화동 1-4,,,126.8921142,37.54545424,공원명,,,,,,,,,,,,,,,,,,,
영등포구-신길9구역(근린공원)-1,신길9구역(근린공원),1.16E+18,서울특별시 영등포구 신길동 4969-8,,서울특별시 영등포구 가마산로 530,126.9147165,37.50432714,공원명,,,,,,,,,,,,,,,,,,,
동작구-참새어린이공원-1,참새어린이공원,1.16E+18,서울특별시 동작구 대방동 407-47,,서울특별시 동작구 여의대방로24길 29,126.9215556,37.49813889,공원명,,,,,,,,,,,,,,,,,,,
강북구-운산어린이공원-1,운산어린이공원,1.13E+18,서울특별시 강북구 미아동 187-11,,서울특별시 강북구 도봉로72길 20,127.025412,37.63206932,공원명,,,,,,,,,,,,,,,,,,,
서부녹지-월드컵공원-3,월드컵공원,,서울특별시 마포구 상암동 1538,,,126.8900833,37.56997222,공원명,,,,,,,,,,,,,,,,,,,
서초구-용허리공원-1,용허리근린공원,1.17E+18,서울특별시 서초구 서초동 1324-1,,서울특별시 서초구 서초대로70길 32,127.0228333,37.49419444,공원명,,,,,,,,,,,,,,,,,,,
동대문구-쉼터어린이공원-1,쉼터어린이공원,,서울특별시 동대문구 답십리동 952-5,,서울특별시 동대문구 황물로17길 24,127.0596111,37.56483333,공원명,,,,,,,,,,,,,,,,,,,
성북구-햇살어린이공원-1,햇살어린이공원,,서울특별시 성북구 상월곡동 53-4,,서울특별시 성북구 화랑로18길 11,127.0487222,37.606,공원명,,,,,,,,,,,,,,,,,,,
한강사업본부-한강시민공원(양화지구)-9,한강시민공원(양화지구),1.16E+18,서울특별시 영등포구 양화동 1-4,,,126.8916249,37.54576043,공원명,,,,,,,,,,,,,,,,,,,
은평구-우물골근린공원(뉴타운)-1,우물골근린공원(뉴타운),,서울특별시 은평구 진관동 105,,서울특별시 은평구 진관2로 60,126.9253056,37.63358333,공원명,,,,,,,,,,,,,,,,,,,
한강사업본부-한강시민공원 난지지구-1,한강시민공원 난지지구,1.14E+18,서울특별시 마포구 상암동 1536-1,,,126.8893333,37.56022222,공원명,,,,,,,,,,,,,,,,,,,
서초구-도구머리공원-1,도구머리근린공원,1.17E+18,서울특별시 서초구 방배동 산 75-6,,,126.9884872,37.47978086,공원명,,,,,,,,,,,,,,,,,,,
관악구-까치 어린이공원-1,까치 어린이공원,,서울특별시 관악구 봉천동 1677-3,,서울특별시 관악구 행운4길 5,126.9597222,37.47991667,공원명,,,,,,,,,,,,,,,,,,,
중부녹지-북서울꿈의숲-6,북서울꿈의숲,,서울특별시 강북구 번동 90,,서울특별시 강북구 월계로 173,127.0377778,37.622,공원명,,,,,,,,,,,,,,,,,,,
마포구-구룡근린공원-1,구룡근린공원,1.14E+18,서울특별시 마포구 상암동 1582,,서울특별시 마포구 월드컵북로62길 11,126.8844722,37.58311111,공원명,,,,,,,,,,,,,,,,,,,
관악구-관악산 낙성대야외놀이마당-2,관악산 낙성대야외놀이마당,,서울특별시 관악구 봉천동 225,,서울특별시 관악구 낙성대로3길 37,126.9596944,37.47316667,공원명,,,,,,,,,,,,,,,,,,,
관악구-장군봉 근린공원-1,장군봉 근린공원,,서울특별시 관악구 봉천동 산 151-139,,서울특별시 관악구 장군봉길 92-40,126.9366667,37.48,공원명,,,,,,,,,,,,,,,,,,,
관악구-군아파트 어린이공원-1,군아파트 어린이공원,1.16E+18,서울특별시 관악구 남현동 602-144,,서울특별시 관악구 승방1길 76,126.9790046,37.47188182,공원명,,,,,,,,,,,,,,,,,,,
서부녹지-월드컵공원-2,월드컵공원,,서울특별시 마포구 상암동 1538,,,126.8829167,37.57483333,공원명,,,,,,,,,,,,,,,,,,,
서울식물원-푸른수목원-3,푸른수목원,,서울특별시 구로구 항동 산 55-4,1.15E+21,,126.8196067,37.47802768,공원명,,,,,,,,,,,,,,,,,,,
양천구-안양천체육공원-3,안양천체육공원,1.15E+18,서울특별시 양천구 목동 900-10,,서울특별시 양천구 안양천로 1138,126.8847222,37.54305556,공원명,,,,,,,,,,,,,,,,,,,
한강사업본부-한강시민공원 난지지구-3,한강시민공원 난지지구,1.14E+18,서울특별시 마포구 상암동 482-222,,,126.8822222,37.56341667,공원명,,,,,,,,,,,,,,,,,,,
마포구-상암근린공원-1,상암근린공원,1.14E+18,서울특별시 마포구 상암동 1689,,서울특별시 마포구 상암산로1길 57,126.8834185,37.57932671,공원명,,,,,,,,,,,,,,,,,,,
관악구-낙성대게이트볼장-1,낙성대게이트볼장,,서울특별시 관악구 봉천동 225,,서울특별시 관악구 낙성대로3길 37,126.9601385,37.47262187,공원명,,,,,,,,,,,,,,,,,,,
양천구-안양천체육공원-2,안양천체육공원,1.15E+18,서울특별시 양천구 목동 409-379,,서울특별시 양천구 안양천로 1026,126.8877778,37.53166667,공원명,,,,,,,,,,,,,,,,,,,
동대문구-샛별어린이공원-1,샛별어린이공원,1.12E+18,서울특별시 동대문구 장안동 379,,서울특별시 동대문구 답십리로68길 97,127.0674236,37.5681993,공원명,,,,,,,,,,,,,,,,,,,
동부녹지-보라매공원-9,보라매공원,,서울특별시 동작구 신대방동 395,,서울특별시 동작구 여의대방로20길 33,126.9177176,37.49084193,공원명,,,,,,,,,,,,,,,,,,,
서초구-마산말공원-1,마산말어린이공원,1.17E+18,서울특별시 서초구 서초동 1343-8,,서울특별시 서초구 서운로11길 41,127.0266667,37.48719444,공원명,,,,,,,,,,,,,,,,,,,
영등포구-문래공원-2,문래공원,1.16E+18,서울특별시 영등포구 문래동3가 67,,서울특별시 영등포구 당산로 37,126.8941667,37.51777778,공원명,,,,,,,,,,,,,,,,,,,
강북구-오현어린이공원-1,오현어린이공원,,서울특별시 강북구 번동 242,,서울특별시 강북구 한천로105길 23,127.0461111,37.62361111,공원명,,,,,,,,,,,,,,,,,,,
강북구-벌말어린이공원-1,벌말어린이공원,,서울특별시 강북구 번동 236,,서울특별시 강북구 오현로 204,127.0405556,37.62972222,공원명,,,,,,,,,,,,,,,,,,,
영등포구-신길공원-1,신길공원,,서울특별시 영등포구 신길동 421-6,,서울특별시 영등포구 도림로 264-14,126.9062041,37.50129441,공원명,,,,,,,,,,,,,,,,,,,
영등포구-문래공원-1,문래공원,1.16E+18,서울특별시 영등포구 문래동3가 77-7,,서울특별시 영등포구 문래로 104,126.8936111,37.51861111,공원명,,,,,,,,,,,,,,,,,,,
양천구-목마근린공원-1,목마근린공원,,서울특별시 양천구 목동 910,,서울특별시 양천구 목동동로 441,126.8852449,37.53795778,공원명,,,,,,,,,,,,,,,,,,,
성북구-간대어린이공원-1,간대어린이공원,,서울특별시 성북구 장위동 207-49,,서울특별시 성북구 장월로37길 13,127.050803,37.61817541,공원명,,,,,,,,,,,,,,,,,,,
동대문구-미나리어린이공원-1,미나리어린이공원,1.12E+18,서울특별시 동대문구 장안동 449,,서울특별시 동대문구 천호대로87길 43,127.0680967,37.56366347,공원명,,,,,,,,,,,,,,,,,,,
광진구-노유산공원-1,노유산공원,1.12E+18,서울특별시 광진구 자양동 5-7,,서울특별시 광진구 아차산로32길 17,127.0683333,37.53916667,공원명,,,,,,,,,,,,,,,,,,,
관악구-서원어린이공원-1,서원어린이공원,,서울특별시 관악구 신림동 409-278,,서울특별시 관악구 서원길 27-7,126.9330556,37.47661111,공원명,,,,,,,,,,,,,,,,,,,
영등포구-신우공원-1,신우공원,,서울특별시 영등포구 대림동 657,,서울특별시 영등포구 대림로44길 24,126.8991397,37.50330927,공원명,,,,,,,,,,,,,,,,,,,
한강사업본부-한강시민공원(양화지구)-8,한강시민공원(양화지구),,서울특별시 강서구 염창동 221-2,,,126.8781524,37.55377081,공원명,,,,,,,,,,,,,,,,,,,
양천구-목동근린공원-1,목동근린공원,1.15E+18,서울특별시 양천구 목동 517,,,126.8791667,37.54666667,공원명,,,,,,,,,,,,,,,,,,,
한강사업본부-한강시민공원(뚝섬지구)-17,한강시민공원(뚝섬지구),1.12E+18,서울특별시 광진구 자양동 97-5,,서울특별시 광진구 강변북로 68,127.0655556,37.52972222,공원명,,,,,,,,,,,,,,,,,,,
동대문구-중랑천변공원(장안)-6,중랑천변공원(장안),1.12E+18,서울특별시 동대문구 장안동 204-13,,,127.0719126,37.56092374,공원명,,,,,,,,,,,,,,,,,,,
동대문구-휘경어린이공원-1,휘경어린이공원,1.12E+18,서울특별시 동대문구 휘경동 372-2,,서울특별시 동대문구 휘경로 60,127.0676682,37.59346272,공원명,,,,,,,,,,,,,,,,,,,
동대문구-장안공원-1,장안공원,,서울특별시 동대문구 장안동 286-8,,서울특별시 동대문구 사가정로 238-4,127.0714159,37.57796195,공원명,,,,,,,,,,,,,,,,,,,
동대문구-늘봄어린이공원-1,늘봄어린이공원,1.12E+18,서울특별시 동대문구 장안동 343,,서울특별시 동대문구 장한로26길 6,127.0721633,37.57153241,공원명,,,,,,,,,,,,,,,,,,,
관악구-해태 어린이공원-1,해태 어린이공원,,서울특별시 관악구 신림동 103-141,,서울특별시 관악구 서림3길 47,126.9405556,37.47252778,공원명,,,,,,,,,,,,,,,,,,,
광진구-한아름공원-1,한아름공원,1.12E+18,서울특별시 광진구 화양동 12-55,,서울특별시 광진구 군자로3길 15,127.0704844,37.54442606,공원명,,,,,,,,,,,,,,,,,,,
동대문구-장안공원-2,장안공원,,서울특별시 동대문구 장안동 302-1,,서울특별시 동대문구 장한로 181,127.07175,37.57702778,공원명,,,,,,,,,,,,,,,,,,,
한강사업본부-한강시민공원(뚝섬지구)-16,한강시민공원(뚝섬지구),1.12E+18,서울특별시 광진구 자양동 97-5,,서울특별시 광진구 강변북로 68,127.0666667,37.53027778,공원명,,,,,,,,,,,,,,,,,,,
서부녹지-월드컵공원-10,월드컵공원,,서울특별시 마포구 상암동 478-1,,서울특별시 마포구 하늘공원로 108-2,126.8766389,37.57202778,공원명,,,,,,,,,,,,,,,,,,,
동대문구-미리내어린이공원-1,미리내어린이공원,1.12E+18,서울특별시 동대문구 장안동 93-125,,서울특별시 동대문구 사가정로25가길 20,127.0716683,37.58085169,공원명,,,,,,,,,,,,,,,,,,,
양천구-용왕산근린공원-1,용왕산근린공원,,서울특별시 양천구 목동 199-51,,서울특별시 양천구 용왕정길 43,126.8783333,37.54388889,공원명,,,,,,,,,,,,,,,,,,,
영등포구-차없는거리-1,차없는거리,1.16E+18,서울특별시 영등포구 문래동6가 13,,서울특별시 영등포구 문래로 56,126.8869444,37.51944444,공원명,,,,,,,,,,,,,,,,,,,
은평구-금암문화공원-1,금암문화공원,,서울특별시 은평구 진관동 27,,서울특별시 은평구 진관3로 15-45,126.9176111,37.64447222,공원명,,,,,,,,,,,,,,,,,,,
광진구-군자어린이공원-1,군자어린이공원,1.12E+18,서울특별시 광진구 군자동 98,,서울특별시 광진구 동일로52길 34,127.0730556,37.55416667,공원명,,,,,,,,,,,,,,,,,,,
서초구-남태령공원-1,남태령어린이공원,1.17E+18,서울특별시 서초구 방배동 2732-42,,서울특별시 서초구 전원말안1길 3-3,126.9886755,37.46624774,공원명,,,,,,,,,,,,,,,,,,,
서부녹지-월드컵공원-11,월드컵공원,,서울특별시 마포구 상암동 478-1,,서울특별시 마포구 하늘공원로 108-2,126.8763056,37.57525,공원명,,,,,,,,,,,,,,,,,,,
동대문구-장안평근린공원-1,장안평근린공원,1.12E+18,서울특별시 동대문구 장안동 354-5,,서울특별시 동대문구 장한로18길 82-9,127.0736667,37.56725,공원명,,,,,,,,,,,,,,,,,,,
동대문구-중랑천변공원(장안)-5,중랑천변공원(장안),1.12E+18,서울특별시 동대문구 휘경동 1-2,,,127.0695,37.59333333,공원명,,,,,,,,,,,,,,,,,,,
도봉구-달래어린이공원-1,달래어린이공원,1.13E+18,서울특별시 도봉구 창동 630-5,,서울특별시 도봉구 도봉로110라길 70-14,127.03525,37.64277778,공원명,,,,,,,,,,,,,,,,,,,
관악구-봉림교아래도림천-1,봉림교아래도림천,1.16E+18,서울특별시 관악구 신림동 1642-7,,서울특별시 관악구 관천로 36-1,126.9273973,37.48312856,공원명,,,,,,,,,,,,,,,,,,,
영등포구-대림생태공원-1,대림생태공원,,서울특별시 영등포구 대림동 608-2,,서울특별시 영등포구 도신로 27,126.8955556,37.50416667,공원명,,,,,,,,,,,,,,,,,,,
한강사업본부-한강시민공원(뚝섬지구)-24,한강시민공원(뚝섬지구),1.12E+18,서울특별시 광진구 자양동 112,,,127.0679344,37.52973821,공원명,,,,,,,,,,,,,,,,,,,
노원구-비석골근린공원-1,비석골근린공원,,서울특별시 노원구 월계동 779,,서울특별시 노원구 월계로45가길 57,127.0486111,37.63083333,공원명,,,,,,,,,,,,,,,,,,,
노원구-햇살어린이공원-1,노원구-햇살어린이공원-1,1.14E+18,서울특별시 노원구 월계동 563,,서울특별시 노원구 월계로45길 28,127.0516855,37.62728209,공원명,,,,,,,,,,,,,,,,,,,
한강사업본부-한강시민공원 난지지구-7,한강시민공원 난지지구,1.14E+18,서울특별시 마포구 상암동 495-71,,,126.8752066,37.56826688,공원명,,,,,,,,,,,,,,,,,,,
영등포구-도림천-1,도림천,1.16E+18,서울특별시 구로구 신도림동 330-69,,서울특별시 영등포구 도림천로 144,126.8903834,37.51088534,공원명,,,,,,,,,,,,,,,,,,,
동대문구-마로니에어린이공원-1,마로니에어린이공원,1.12E+18,서울특별시 동대문구 장안동 325,,서울특별시 동대문구 장한로32길 27,127.0739152,37.57510696,공원명,,,,,,,,,,,,,,,,,,,
광진구-자양어린이공원-1,자양어린이공원,1.12E+18,서울특별시 광진구 자양동 792-1,,서울특별시 광진구 능동로4길 41,127.0698551,37.53353599,공원명,,,,,,,,,,,,,,,,,,,
동대문구-중랑천변꽃길-1,중랑천변꽃길,1.12E+18,서울특별시 동대문구 장안동 356,,서울특별시 동대문구 장안벚꽃로 77,127.0746477,37.56677888,공원명,,,,,,,,,,,,,,,,,,,
도봉구-샛별공원-1,샛별공원,,서울특별시 도봉구 쌍문동 315-371,,서울특별시 도봉구 노해로44길 42-10,127.0291667,37.64805556,공원명,,,,,,,,,,,,,,,,,,,
구로구-신도림테크노근린공원-1,신도림테크노근린공원,,서울특별시 구로구 구로동 3-46,,,126.8916667,37.50833333,공원명,,,,,,,,,,,,,,,,,,,
한강사업본부-한강시민공원(뚝섬지구)-15,한강시민공원(뚝섬지구),1.12E+18,서울특별시 광진구 자양동 112,,,127.0688566,37.53027112,공원명,,,,,,,,,,,,,,,,,,,
영등포구-원지공원-1,원지공원,,서울특별시 영등포구 대림동 690,,서울특별시 영등포구 도림로47길 28,126.8995848,37.49787637,공원명,,,,,,,,,,,,,,,,,,,
광진구-광진공원-1,광진광장,1.12E+18,서울특별시 광진구 군자동 346-42,,서울특별시 광진구 능동로 195-12,127.0736401,37.54787616,공원명,,,,,,,,,,,,,,,,,,,
한강사업본부-한강시민공원(뚝섬지구)-14,한강시민공원(뚝섬지구),1.12E+18,서울특별시 광진구 자양동 435,,,127.0690829,37.52979648,공원명,,,,,,,,,,,,,,,,,,,
구로구-신도림테크노근린공원-2,신도림테크노근린공원,,서울특별시 구로구 구로동 1-4,,서울특별시 구로구 새말로 117-23,126.8913889,37.508,공원명,,,,,,,,,,,,,,,,,,,
동대문구-중랑천변공원(장안)-3,중랑천변공원(장안),1.12E+18,서울특별시 동대문구 장안동 24-1,,,127.0751523,37.56665902,공원명,,,,,,,,,,,,,,,,,,,
한강사업본부-한강시민공원(뚝섬지구)-22,한강시민공원(뚝섬지구),1.12E+18,서울특별시 광진구 자양동 97-5,,서울특별시 광진구 강변북로 68,127.0624578,37.5319534,공원명,,,,,,,,,,,,,,,,,,,
영등포구-문래공원-3,문래공원,1.16E+18,서울특별시 영등포구 문래동3가 61,,,126.8940922,37.51679475,공원명,,,,,,,,,,,,,,,,,,,
서초구-방배배수지체육공원-1,방배배수지체육공원,,서울특별시 서초구 방배동 599,,서울특별시 서초구 남부순환로296길 4-9,126.9927778,37.47241667,공원명,,,,,,,,,,,,,,,,,,,
관악구-관악산낙성대광장공원-1,관악산낙성대광장공원,,서울특별시 관악구 봉천동 228,,서울특별시 관악구 낙성대로 77,126.9594444,37.47186111,공원명,,,,,,,,,,,,,,,,,,,
한강사업본부-한강시민공원(뚝섬지구)-21,한강시민공원(뚝섬지구),1.12E+18,서울특별시 광진구 자양동 97-5,,서울특별시 광진구 강변북로 68,127.0630556,37.53138889,공원명,,,,,,,,,,,,,,,,,,,
성북구-돌곳이 쉼터,성북구-돌곳이 쉼터,,서울특별시 성북구 석관동 257-2,,서울특별시 성북구 돌곶이로21가길 24,127.0579206,37.60886175,상세위치,,,,,,,,,,,,,,,,,,,
도봉구-우이천-2,우이천,1.13E+18,서울특별시 도봉구 창동 504-33,,서울특별시 도봉구 우이천로 120,127.0405251,37.63205704,공원명,,,,,,,,,,,,,,,,,,,
관악구-쑥고개 어린이공원-1,쑥고개 어린이공원,,서울특별시 관악구 신림동 1564-37,,서울특별시 관악구 쑥고개로2라길 19,126.9405278,37.47583333,공원명,,,,,,,,,,,,,,,,,,,
광진구-햇님어린이공원-1,햇님어린이공원,1.12E+18,서울특별시 광진구 화양동 45-3,,서울특별시 광진구 아차산로25길 27,127.0669737,37.5427232,공원명,,,,,,,,,,,,,,,,,,,
성북구-장위3동마을공원-1,장위3동마을공원,1.13E+18,서울특별시 성북구 장위동 79-12,,서울특별시 성북구 한천로95길 83,127.0531944,37.61722222,공원명,,,,,,,,,,,,,,,,,,,
한강사업본부-한강시민공원 난지지구-4,한강시민공원 난지지구,1.14E+18,서울특별시 마포구 상암동 482-454,,서울특별시 마포구 마포나루길 216,126.879775,37.56427778,공원명,,,,,,,,,,,,,,,,,,,
서부녹지-월드컵공원-20,월드컵공원,,서울특별시 마포구 상암동 481-94,,서울특별시 마포구 하늘공원로 108-2,126.87975,37.56744444,공원명,,,,,,,,,,,,,,,,,,,
한강사업본부-한강시민공원 난지지구-5,한강시민공원 난지지구,1.14E+18,서울특별시 마포구 상암동 482-417,,서울특별시 마포구 마포나루길 216,126.8794444,37.56483333,공원명,,,,,,,,,,,,,,,,,,,
강북구-솔밭공원-5,솔밭공원,,서울특별시 강북구 우이동 340,,서울특별시 강북구 삼양로139가길 63,127.0117671,37.65191065,공원명,,,,,,,,,,,,,,,,,,,
관악구-도림천-1,도림천,1.16E+18,서울특별시 관악구 신림동 408-1,,서울특별시 관악구 신림로 211,126.9368494,37.47665153,공원명,,,,,,,,,,,,,,,,,,,
한강사업본부-한강시민공원(뚝섬지구)-20,한강시민공원(뚝섬지구),1.12E+18,서울특별시 광진구 자양동 105,,,127.0641715,37.53115979,공원명,,,,,,,,,,,,,,,,,,,
관악구-신화 어린이공원-1,신화 어린이공원,,서울특별시 관악구 신림동 408-101,,서울특별시 관악구 신림로 229-1,126.9357778,37.47708333,공원명,,,,,,,,,,,,,,,,,,,
동부녹지-보라매공원-6,보라매공원,,서울특별시 동작구 신대방동 722,,,126.9134444,37.49077778,공원명,,,,,,,,,,,,,,,,,,,
성동구-송정제방공원-1,송정제방공원,1.12E+18,서울특별시 성동구 송정동 93,,서울특별시 성동구 동일로55길 15,127.0700081,37.5564033,공원명,,,,,,,,,,,,,,,,,,,
한강사업본부-한강시민공원 난지지구-6,한강시민공원 난지지구,1.14E+18,서울특별시 마포구 상암동 482-417,,서울특별시 마포구 마포나루길 216,126.879,37.5645,공원명,,,,,,,,,,,,,,,,,,,
서초구-서울시인재개발원-1,서울시인재개발원,1.17E+18,서울특별시 서초구 서초동 391,,서울특별시 서초구 남부순환로340길 58,127.0192778,37.47938889,공원명,,,,,,,,,,,,,,,,,,,
영등포구-양남어린이공원-1,양남어린이공원,1.16E+18,서울특별시 영등포구 양평동1가 244-65,,서울특별시 영등포구 영등포로11길 7-2,126.8880556,37.52333333,공원명,,,,,,,,,,,,,,,,,,,
서부녹지-월드컵공원-8,월드컵공원,,서울특별시 마포구 상암동 481-6,,서울특별시 마포구 하늘공원로 108-1,126.8788611,37.56883333,공원명,,,,,,,,,,,,,,,,,,,
은평구-서오능도시자연공원-1,서오능도시자연공원,1.14E+18,서울특별시 은평구 진관동 산 63-4,,,126.9133056,37.63794444,공원명,,,,,,,,,,,,,,,,,,,
관악구-남부 어린이공원-1,남부 어린이공원,,서울특별시 관악구 신림동 482-42,,서울특별시 관악구 남부순환로163가길 25,126.9203889,37.48494444,공원명,,,,,,,,,,,,,,,,,,,
강북구-솔밭공원-4,솔밭공원,,서울특별시 강북구 우이동 94-18,,서울특별시 강북구 삼양로149가길 5-13,127.0111111,37.65305556,공원명,,,,,,,,,,,,,,,,,,,
도봉구-장미어린이공원-1,장미어린이공원,1.13E+18,서울특별시 도봉구 창동 553-21,,서울특별시 도봉구 덕릉로53길 19-3,127.0363056,37.63816667,공원명,,,,,,,,,,,,,,,,,,,
서부녹지-월드컵공원-7,월드컵공원,,서울특별시 마포구 상암동 478-1,,서울특별시 마포구 하늘공원로 108-2,126.8788333,37.57436111,공원명,,,,,,,,,,,,,,,,,,,
마포구-휴암문화공원-1,휴암문화공원,,서울특별시 마포구 상암동 1661,,서울특별시 마포구 가양대로 143,126.8800833,37.58283333,공원명,,,,,,,,,,,,,,,,,,,
동대문구-배봉공원-1,배봉공원,1.12E+18,서울특별시 동대문구 휘경동 산 6-35,,,127.0678596,37.58926991,공원명,,,,,,,,,,,,,,,,,,,
영등포구-차없는거리-2,차없는거리,,서울특별시 영등포구 대림동 1118-13,,서울특별시 영등포구 도신로12길 12-1,126.8988889,37.50444444,공원명,,,,,,,,,,,,,,,,,,,
동대문구-한내어린이공원-1,한내어린이공원,1.12E+18,서울특별시 동대문구 장안동 347-8,,서울특별시 동대문구 장한로18길 31,127.0711389,37.56783333,공원명,,,,,,,,,,,,,,,,,,,
관악구-호박골 어린이공원-1,호박골 어린이공원,,서울특별시 관악구 신림동 1580-33,,서울특별시 관악구 남부순환로166길 25-11,126.9239167,37.48194444,공원명,,,,,,,,,,,,,,,,,,,
성북구-석관동생활권공원,성북구-석관동생활권공원,,서울특별시 성북구 석관동 332-618,,서울특별시 성북구 돌곶이로10길 7,127.0610741,37.60753836,상세주소,,,,,,,,,,,,,,,,,,,
광진구-약초원공원-1,약초원공원,1.12E+18,서울특별시 광진구 자양동 74-21,,서울특별시 광진구 능동로1길 15,127.0663548,37.53280101,공원명,,,,,,,,,,,,,,,,,,,
도봉구-우이천-1,우이천,1.13E+18,서울특별시 도봉구 쌍문동 103-152,,서울특별시 도봉구 우이천로 298,127.0292222,37.64422222,공원명,,,,,,,,,,,,,,,,,,,
강북구-솔밭공원-2,솔밭공원,,서울특별시 강북구 우이동 100-34,,서울특별시 강북구 삼양로149길 10,127.0119444,37.65361111,공원명,,,,,,,,,,,,,,,,,,,
강북구-솔밭공원-3,솔밭공원,,서울특별시 강북구 우이동 100-34,,서울특별시 강북구 삼양로149길 10,127.0119444,37.65361111,공원명,,,,,,,,,,,,,,,,,,,
강북구-솔밭공원-1,솔밭공원,,서울특별시 강북구 우이동 100-34,,서울특별시 강북구 삼양로149길 10,127.0119444,37.65361111,공원명,,,,,,,,,,,,,,,,,,,
서부녹지-월드컵공원-4,월드컵공원,,서울특별시 마포구 상암동 1538,,,126.8859804,37.57317263,공원명,,,,,,,,,,,,,,,,,,,
강북구-오동근린공원-5,오동근린공원,1.13E+18,서울특별시 강북구 번동 산 23-15,,,127.0358333,37.62916667,공원명,,,,,,,,,,,,,,,,,,,
동대문구-동대문구 체육관 -1,동대문구 체육관 ,1.12E+18,서울특별시 동대문구 답십리동 2-294,,서울특별시 동대문구 답십리로 210-3,127.0636251,37.57247124,공원명,,,,,,,,,,,,,,,,,,,
영등포구-안양천고수부지-3,안양천고수부지,1.16E+18,서울특별시 영등포구 양평동 502-1,,서울특별시 영등포구 양평로 174,126.8886111,37.54,공원명,,,,,,,,,,,,,,,,,,,
서초구-신중공원-1,신중어린이공원,1.17E+18,서울특별시 서초구 서초동 1484-14,,서울특별시 서초구 반포대로7길 25,127.0106667,37.48219444,공원명,,,,,,,,,,,,,,,,,,,
중부녹지-북서울꿈의숲-3,북서울꿈의숲,,서울특별시 강북구 번동 90,,서울특별시 강북구 월계로 173,127.0422222,37.62305556,공원명,,,,,,,,,,,,,,,,,,,
관악구-예촌 어린이공원-1,예촌 어린이공원,1.16E+18,서울특별시 관악구 남현동 1083-1,,서울특별시 관악구 남현길 41,126.9767157,37.47454649,공원명,,,,,,,,,,,,,,,,,,,
동대문구-안골어린이공원-1,안골어린이공원,1.12E+18,서울특별시 동대문구 장안동 402,,서울특별시 동대문구 천호대로77다길 20,127.0643889,37.56547222,공원명,,,,,,,,,,,,,,,,,,,
관악구-일선어린이공원-1,일선어린이공원,,서울특별시 관악구 봉천동 1587-3,,서울특별시 관악구 관악로11가길 5,126.9494167,37.47797222,공원명,,,,,,,,,,,,,,,,,,,
동부녹지-보라매공원-8,보라매공원,,서울특별시 동작구 신대방동 385-2,,서울특별시 동작구 여의대방로16길 1,126.9170833,37.49513889,공원명,,,,,,,,,,,,,,,,,,,
관악구-새들 어린이공원-1,새들 어린이공원,1.16E+18,서울특별시 관악구 신림동 1442-12,,서울특별시 관악구 관천로22길 61,126.92575,37.48872222,공원명,,,,,,,,,,,,,,,,,,,
한강사업본부-한강시민공원(뚝섬지구)-23,한강시민공원(뚝섬지구),1.12E+18,서울특별시 광진구 자양동 158-17,,서울특별시 광진구 강변북로 6,127.0589757,37.53272914,공원명,,,,,,,,,,,,,,,,,,,
동부녹지-보라매공원-2,보라매공원,,서울특별시 동작구 신대방동 395,,서울특별시 동작구 여의대방로20길 33,126.9222778,37.491,공원명,,,,,,,,,,,,,,,,,,,
성북구-상길례문화공원,성북구-상길례문화공원,,서울특별시 성북구 장위동 319-2,,서울특별시 성북구 돌곶이로 220,127.0454,37.61983221,상세주소,,,,,,,,,,,,,,,,,,,
동대문구-배봉공원-2,배봉공원,1.12E+18,서울특별시 동대문구 전농동 20-424,,서울특별시 동대문구 사가정로 168,127.0635833,37.57852778,공원명,,,,,,,,,,,,,,,,,,,
관악구-원당 어린이공원-1,원당 어린이공원,,서울특별시 관악구 봉천동 196-32,,서울특별시 관악구 남부순환로246길 43,126.9639167,37.47475,공원명,,,,,,,,,,,,,,,,,,,
서부녹지-월드컵공원-23,월드컵공원,,서울특별시 마포구 상암동 481-72,,서울특별시 마포구 하늘공원로 95,126.8845604,37.56683331,공원명,,,,,,,,,,,,,,,,,,,
강북구-오동근린공원-7,오동근린공원(오솔놀이터),1.13E+18,서울특별시 강북구 번동 148-519,,서울특별시 강북구 오현로25길 6-10,127.0382568,37.62820622,공원명,,,,,,,,,,,,,,,,,,,
관악구-봉림 어린이공원-1,봉림 어린이공원,,서울특별시 관악구 신림동 1510-4,,서울특별시 관악구 남부순환로200다길 17,126.9359444,37.48263889,공원명,,,,,,,,,,,,,,,,,,,
강북구-오동근린공원-3,오동근린공원,1.13E+18,서울특별시 강북구 번동 229,,서울특별시 강북구 오현로31길 141,127.0333333,37.63277778,공원명,,,,,,,,,,,,,,,,,,,
영등포구-안양천고수부지-7,안양천고수부지,1.16E+18,서울특별시 영등포구 양화동 10-2,,,126.8865176,37.54460732,공원명,,,,,,,,,,,,,,,,,,,
관악구-비안어린이공원-1,비안어린이공원,,서울특별시 관악구 봉천동 1529-2,,서울특별시 관악구 장군봉7길 15-4,126.9403611,37.48061111,공원명,,,,,,,,,,,,,,,,,,,
관악구-밤골 어린이공원-1,밤골 어린이공원,,서울특별시 관악구 봉천동 1642-12,,서울특별시 관악구 인헌길 33-3,126.9672778,37.47408333,공원명,,,,,,,,,,,,,,,,,,,
관악구-백설 어린이공원-1,백설 어린이공원,,서울특별시 관악구 봉천동 1608-27,,서울특별시 관악구 남부순환로228길 85,126.9538889,37.47616667,공원명,,,,,,,,,,,,,,,,,,,
영등포구-안양천고수부지-1,안양천고수부지,1.16E+18,서울특별시 영등포구 양화동 4-1,,,126.8863889,37.54444444,공원명,,,,,,,,,,,,,,,,,,,
강남구-역삼개나리공원-1,역삼개나리공원,1.17E+18,서울특별시 강남구 역삼동 739-15,,서울특별시 강남구 논현로79길 28,127.0360485,37.49762809,공원명,,,,,,,,,,,,,,,,,,,
영등포구-신길12구역(소공원)-1,신길12구역(소공원),1.16E+18,서울특별시 영등포구 신길동 4964-6,,서울특별시 영등포구 신길로29길 17,126.9069281,37.50416661,공원명,,,,,,,,,,,,,,,,,,,
동대문구-휘경마당소공원-1,휘경마당소공원,1.12E+18,서울특별시 동대문구 휘경동 375-1,,서울특별시 동대문구 망우로21나길 14,127.0611354,37.59099596,공원명,,,,,,,,,,,,,,,,,,,
관악구-관악구민운동장-1,관악구민운동장,,서울특별시 관악구 봉천동 산 56-117,,서울특별시 관악구 낙성대로 40,126.9566389,37.47544444,공원명,,,,,,,,,,,,,,,,,,,
관악구-탑골 어린이공원-1,탑골 어린이공원,,서울특별시 관악구 봉천동 218-43,,서울특별시 관악구 낙성대역4길 11-13,126.9612222,37.47461111,공원명,,,,,,,,,,,,,,,,,,,
중부녹지-북서울꿈의숲-1,북서울꿈의숲,,서울특별시 성북구 장위동 319,,서울특별시 성북구 돌곶이로 220,127.0455556,37.62055556,공원명,,,,,,,,,,,,,,,,,,,
강남구-선정릉공원-3,선정릉공원,1.17E+18,서울특별시 강남구 삼성동 131,,서울특별시 강남구 선릉로100길 1,127.046,37.50827778,공원명,,,,,,,,,,,,,,,,,,,
동대문구-배봉공원-3,배봉공원,1.12E+18,서울특별시 동대문구 전농동 산 32-20,,서울특별시 동대문구 한천로43길 12-14,127.0638611,37.58047222,공원명,,,,,,,,,,,,,,,,,,,
강북구-강북구민운동장-1,강북구민운동장,,서울특별시 강북구 번동 317,1.13E+21,서울특별시 강북구 오현로 187-25,127.0379817,37.62915381,공원명,,,,,,,,,,,,,,,,,,,
성북구-화랑어린이공원-1,화랑어린이공원,1.13E+18,서울특별시 성북구 석관동 408,,서울특별시 성북구 화랑로 210-26,127.054605,37.60720246,공원명,,,,,,,,,,,,,,,,,,,
동대문구-배봉공원-4,배봉산근린공원,1.12E+18,서울특별시 동대문구 전농동 산 32-20,,,127.0638749,37.58108905,공원명,,,,,,,,,,,,,,,,,,,
동부녹지-보라매공원-5,보라매공원,,서울특별시 동작구 신대방동 460-18,,서울특별시 동작구 여의대방로16길 61,126.9181156,37.49313333,공원명,,,,,,,,,,,,,,,,,,,
동부녹지-보라매공원-1,보라매공원,,서울특별시 동작구 신대방동 441-4,,서울특별시 동작구 보라매로5길 58,126.9206667,37.49091667,공원명,,,,,,,,,,,,,,,,,,,
강남구-역삼무궁화공원-1,역삼무궁화공원,1.17E+18,서울특별시 강남구 역삼동 830-23,,서울특별시 강남구 역삼로 117,127.0324722,37.49383333,공원명,,,,,,,,,,,,,,,,,,,
동부녹지-보라매공원-3,보라매공원,,서울특별시 동작구 신대방동 722,,,126.9189002,37.4922426,공원명,,,,,,,,,,,,,,,,,,,
영등포구-신길14구역-1,신길14구역,1.16E+18,서울특별시 영등포구 신길동 4955-3,,서울특별시 영등포구 가마산로 426,126.9060411,37.50437622,공원명,,,,,,,,,,,,,,,,,,,
영등포구-도리미소공원-1,도리미소공원,1.16E+18,서울특별시 영등포구 도림동 144-185,,서울특별시 영등포구 도림로112길 18,126.9019444,37.50916667,공원명,,,,,,,,,,,,,,,,,,,
관악구-관악구민운동장-2,관악구민운동장,,서울특별시 관악구 봉천동 산 53-3,,서울특별시 관악구 낙성대로 40-1,126.9574722,37.47458333,공원명,,,,,,,,,,,,,,,,,,,
관악구-관악산 낙성대야외놀이마당-1,관악산 낙성대야외놀이마당,,서울특별시 관악구 봉천동 291-1,,서울특별시 관악구 낙성대로3길 26,126.9596111,37.47402778,공원명,,,,,,,,,,,,,,,,,,,
강북구-논골어린이공원-1,논골어린이공원,,서울특별시 강북구 번동 417-15,1.13E+21,서울특별시 강북구 덕릉로41길 92,127.0280467,37.63839151,공원명,,,,,,,,,,,,,,,,,,,
관악구-교체 어린이공원-1,교체 어린이공원,,서울특별시 관악구 봉천동 196-197,,서울특별시 관악구 낙성대역14가길 10,126.9640556,37.47327778,공원명,,,,,,,,,,,,,,,,,,,
강남구-삼성목련공원-1,삼성목련공원,1.17E+18,서울특별시 강남구 삼성동 55-1,,서울특별시 강남구 삼성로120길 48,127.0541218,37.51866779,공원명,,,,,,,,,,,,,,,,,,,
관악구-상록 어린이공원-1,상록 어린이공원,1.16E+18,서울특별시 관악구 남현동 602-203,,서울특별시 관악구 승방3나길 11,126.9804722,37.47277778,공원명,,,,,,,,,,,,,,,,,,,
관악구-청룡 어린이공원-1,청룡 어린이공원,,서울특별시 관악구 봉천동 1557-33,,서울특별시 관악구 청룡12길 17-9,126.9447222,37.47763889,공원명,,,,,,,,,,,,,,,,,,,
한강사업본부-한강시민공원 난지지구-2,한강시민공원 난지지구,1.14E+18,서울특별시 마포구 상암동 482-225,,,126.8831111,37.56377778,공원명,,,,,,,,,,,,,,,,,,,
강남구-선정릉공원-1,선정릉공원,1.17E+18,서울특별시 강남구 삼성동 133,,서울특별시 강남구 선릉로100길 1,127.047,37.50791667,공원명,,,,,,,,,,,,,,,,,,,
양천구-안양천체육공원-1,안양천체육공원,1.15E+18,서울특별시 양천구 목동 409-379,,서울특별시 양천구 안양천로 1026,126.8883333,37.53361111,공원명,,,,,,,,,,,,,,,,,,,
양천구-안양천체육공원-10,안양천체육공원,1.16E+18,서울특별시 영등포구 양평동 28-1,,,126.8863889,37.53972222,공원명,,,,,,,,,,,,,,,,,,,
관악구-장군봉 근린공원-2,장군봉 근린공원,,서울특별시 관악구 봉천동 산 151-15,,,126.9369444,37.48055556,공원명,,,,,,,,,,,,,,,,,,,
강북구-오얏골어린이공원-1,오얏골어린이공원,1.13E+18,서울특별시 강북구 번동 228,,서울특별시 강북구 한천로115길 20,127.034487,37.63391942,공원명,,,,,,,,,,,,,,,,,,,
영등포구-차없는거리-3,차없는거리,1.16E+18,서울특별시 영등포구 문래동3가 80,,서울특별시 영등포구 문래로 95,126.8939912,37.52019007,공원명,,,,,,,,,,,,,,,,,,,
서부녹지-월드컵공원-22,월드컵공원,,서울특별시 마포구 상암동 481-72,,서울특별시 마포구 하늘공원로 95,126.8829167,37.56919444,공원명,,,,,,,,,,,,,,,,,,,
동부녹지-보라매공원-7,보라매공원,,서울특별시 동작구 신대방동 395,,서울특별시 동작구 여의대방로20길 33,126.9177778,37.49197222,공원명,,,,,,,,,,,,,,,,,,,
영등포구-안양천고수부지-6,안양천고수부지,1.16E+18,서울특별시 양천구 목동 411-27,,,126.8892008,37.53033938,공원명,,,,,,,,,,,,,,,,,,,
서부녹지-월드컵공원-1,월드컵공원,,서울특별시 마포구 상암동 1538,,,126.8833333,37.5745,공원명,,,,,,,,,,,,,,,,,,,
관악구-장군봉배수지근린공원-1,장군봉배수지근린공원,,서울특별시 관악구 봉천동 산 151-139,,서울특별시 관악구 장군봉길 92-40,126.9369167,37.48005556,공원명,,,,,,,,,,,,,,,,,,,
서초구-당골공원-1,당골어린이공원,1.17E+18,서울특별시 서초구 서초동 1436-6,,서울특별시 서초구 효령로68길 49-3,127.0226904,37.48543581,공원명,,,,,,,,,,,,,,,,,,,
시설관리공단-어린이대공원-11,어린이대공원,1.12E+18,서울특별시 광진구 능동 18,,서울특별시 광진구 능동로 216,127.0805556,37.54777778,공원명,,,,,,,,,,,,,,,,,,,
양천구-오목근린공원-1,오목근린공원,,서울특별시 양천구 목동 921,,서울특별시 양천구 목동서로 159-2,126.8738189,37.52773505,공원명,,,,,,,,,,,,,,,,,,,
도봉구-반딧불이유아숲체험장-1,반딧불이유아숲체험장,1.13E+18,서울특별시 도봉구 창동 677,,,127.0400654,37.64917841,공원명,,,,,,,,,,,,,,,,,,,
강남구-독골근린공원-1,독골근린공원,,서울특별시 강남구 도곡동 461,,서울특별시 강남구 남부순환로378길 29,127.046869,37.48481218,공원명,,,,,,,,,,,,,,,,,,,
강남구-도곡까치어린이공원-2,도곡까치어린이공원,1.17E+18,서울특별시 강남구 도곡동 455,,서울특별시 강남구 논현로26길 34,127.0450556,37.48316667,공원명,,,,,,,,,,,,,,,,,,,
강남구-도곡까치어린이공원-1,도곡까치어린이공원,1.17E+18,서울특별시 강남구 도곡동 455,,서울특별시 강남구 논현로26길 34,127.0450556,37.48316667,공원명,,,,,,,,,,,,,,,,,,,
도봉구-초안산근린공원-1,초안산근린공원,1.13E+18,서울특별시 도봉구 창동 산 48-16,,,127.0401076,37.64922139,공원명,,,,,,,,,,,,,,,,,,,
구로구-안양천둔치공원-4,안양천둔치공원,1.15E+18,서울특별시 구로구 신도림동 271-64,,,126.8797222,37.51416667,공원명,,,,,,,,,,,,,,,,,,,
관악구-무궁화 어린이공원-1,무궁화 어린이공원,,서울특별시 관악구 신림동 646-51,,서울특별시 관악구 난곡로26길 71,126.9236111,37.46973611,공원명,,,,,,,,,,,,,,,,,,,
한강사업본부-한강시민공원(뚝섬지구)-7,한강시민공원(뚝섬지구),1.12E+18,서울특별시 광진구 자양동 410-1,,,127.0760111,37.52850333,공원명,,,,,,,,,,,,,,,,,,,
도봉구-초안산근린공원-3,초안산근린공원,,서울특별시 도봉구 창동 산 24,,서울특별시 도봉구 해등로3길 48-11,127.0404542,37.64908303,공원명,,,,,,,,,,,,,,,,,,,
관악구-관악산 하늘공원-1,관악산 하늘공원,,서울특별시 관악구 신림동 336-8,,서울특별시 관악구 난곡로26길 135,126.9262222,37.46827778,공원명,,,,,,,,,,,,,,,,,,,
양천구-안양천체육공원-6,안양천체육공원,1.15E+18,서울특별시 양천구 신정동 871-3,,서울특별시 양천구 안양천로 812,126.877795,37.51775559,공원명,,,,,,,,,,,,,,,,,,,
강남구-대치동 가로쉼터-1,대치동 가로쉼터,1.17E+18,서울특별시 강남구 대치동 670,,서울특별시 강남구 선릉로 206,127.0561346,37.49407955,공원명,,,,,,,,,,,,,,,,,,,
도봉구-초안산세대공감공원-1,초안산세대공감공원,,서울특별시 도봉구 창동 산 183,1.13E+21,서울특별시 도봉구 덕릉로 334-19,127.04675,37.64394444,공원명,,,,,,,,,,,,,,,,,,,
강서구-염창산공원-1,염창산공원,1.15E+18,서울특별시 강서구 염창동 300,,서울특별시 강서구 양천로63길 38,126.8671328,37.557899,공원명,,,,,,,,,,,,,,,,,,,
도봉구-초안산근린공원-2,초안산근린공원,1.13E+18,서울특별시 도봉구 창동 350,,서울특별시 도봉구 해등로 49,127.0418015,37.64844382,공원명,,,,,,,,,,,,,,,,,,,
양천구-안양천체육공원-8,안양천체육공원,1.15E+18,서울특별시 양천구 신정동 871-4,,,126.8777778,37.51694444,공원명,,,,,,,,,,,,,,,,,,,
도봉구-초안산근린공원-5,초안산근린공원,1.13E+18,서울특별시 도봉구 창동 345,,서울특별시 도봉구 해등로 71,127.0413737,37.64888831,공원명,,,,,,,,,,,,,,,,,,,
강남구-대치까치공원-1,대치까치공원,1.17E+18,서울특별시 강남구 대치동 1014-3,,서울특별시 강남구 도곡로78길 22,127.0590833,37.49694444,공원명,,,,,,,,,,,,,,,,,,,
관악구-난곡어린이공원-1,난곡어린이공원,,서울특별시 관악구 신림동 1563-50,,서울특별시 관악구 미성5길 20-4,126.9152778,37.47408333,공원명,,,,,,,,,,,,,,,,,,,
중랑구-봉화어린이공원(중화)-1,봉화어린이공원(중화),1.13E+18,서울특별시 중랑구 중화동 300-49,,서울특별시 중랑구 동일로123길 49,127.077375,37.59812854,공원명,,,,,,,,,,,,,,,,,,,
시설관리공단-어린이대공원-8,어린이대공원,1.12E+18,서울특별시 광진구 능동 18,,서울특별시 광진구 능동로 216,127.082,37.54927778,공원명,,,,,,,,,,,,,,,,,,,
한강사업본부-한강시민공원(뚝섬지구)-3,한강시민공원(뚝섬지구),1.12E+18,서울특별시 광진구 자양동 410-1,,,127.0766031,37.52738777,공원명,,,,,,,,,,,,,,,,,,,
양천구-안양천체육공원-9,안양천체육공원,1.15E+18,서울특별시 구로구 신도림동 271-64,,,126.878,37.51527778,공원명,,,,,,,,,,,,,,,,,,,
시설관리공단-어린이대공원-10,어린이대공원,1.12E+18,서울특별시 광진구 능동 18,,,127.0823118,37.55089514,공원명,,,,,,,,,,,,,,,,,,,
구로구-구로근린공원-1,구로근린공원,,서울특별시 구로구 구로동 103-4,,서울특별시 구로구 가마산로25길 9-13,126.8897222,37.49638889,공원명,,,,,,,,,,,,,,,,,,,
관악구-관악산호수구역공원-1,관악산호수구역공원,,서울특별시 관악구 신림동 산 50-2,,서울특별시 관악구 관악산나들길 114,126.9471111,37.459,공원명,,,,,,,,,,,,,,,,,,,
시설관리공단-어린이대공원-6,어린이대공원,1.12E+18,서울특별시 광진구 능동 18,,서울특별시 광진구 능동로 216,127.0825278,37.55036111,공원명,,,,,,,,,,,,,,,,,,,
광진구-자양초등학교 자연학습장-1,자양초등학교 자연학습장,1.12E+18,서울특별시 광진구 자양동 231-1,,서울특별시 광진구 아차산로44길 17,127.0798459,37.5364084,공원명,,,,,,,,,,,,,,,,,,,
광진구-한마음어린이공원-1,한마음어린이공원,1.12E+18,서울특별시 광진구 중곡동 50-51,,서울특별시 광진구 긴고랑로22길 46,127.0833333,37.55916667,공원명,,,,,,,,,,,,,,,,,,,
시설관리공단-어린이대공원-9,어린이대공원,1.12E+18,서울특별시 광진구 능동 18,,서울특별시 광진구 능동로 216,127.0821236,37.54710377,공원명,,,,,,,,,,,,,,,,,,,
광진구-능동소공원-1,능동소공원,1.12E+18,서울특별시 광진구 능동 242-26,,서울특별시 광진구 능동로 216,127.0828972,37.55251514,공원명,,,,,,,,,,,,,,,,,,,
노원구-연촌어린이공원-1,연촌어린이공원,,서울특별시 노원구 월계동 322-5,,서울특별시 노원구 마들로3길 19,127.0626389,37.62833333,공원명,,,,,,,,,,,,,,,,,,,
중랑구-샘터어린이공원,중랑구-샘터어린이공원,,서울특별시 중랑구 면목동 656,,서울특별시 중랑구 답십리로77길 28-31,127.0832949,37.57309168,상세위치,,,,,,,,,,,,,,,,,,,
중랑구-열매어린이공원-1,열매어린이공원,1.13E+18,서울특별시 중랑구 면목동 145-37,,서울특별시 중랑구 봉우재로20길 58,127.0808611,37.58880556,공원명,,,,,,,,,,,,,,,,,,,
노원구-매봉어린이공원-1,매봉어린이공원,,서울특별시 노원구 월계동 320-6,,서울특별시 노원구 월계로55길 49,127.0590556,37.63319444,공원명,,,,,,,,,,,,,,,,,,,
관악구-문성어린이공원-1,문성어린이공원,,서울특별시 관악구 신림동 1661-15,,서울특별시 관악구 시흥대로164길 27,126.9029722,37.482,공원명,,,,,,,,,,,,,,,,,,,
시설관리공단-어린이대공원-5,어린이대공원,1.12E+18,서울특별시 광진구 능동 18,,서울특별시 광진구 능동로 216,127.0827778,37.5495,공원명,,,,,,,,,,,,,,,,,,,
중랑구-사랑어린이공원-1,사랑어린이공원,,서울특별시 중랑구 면목동 153-41,,서울특별시 중랑구 겸재로22길 31-5,127.0818333,37.58555556,공원명,,,,,,,,,,,,,,,,,,,
노원구-각심어린이공원-1,각심어린이공원,,서울특별시 노원구 월계동 556,,서울특별시 노원구 초안산로1길 18,127.0513728,37.62942406,공원명,,,,,,,,,,,,,,,,,,,
서부녹지-월드컵공원-17,월드컵공원,,서울특별시 마포구 상암동 478-1,,서울특별시 마포구 하늘공원로 108-2,126.8740833,37.572,공원명,,,,,,,,,,,,,,,,,,,
도봉구-다람쥐어린이공원-1,다람쥐어린이공원,1.13E+18,서울특별시 도봉구 창동 624-8,,서울특별시 도봉구 도봉로106길 33-12,127.0348889,37.64519444,공원명,,,,,,,,,,,,,,,,,,,
동대문구-중랑천변공원(장안)-1,중랑천변공원(장안),1.13E+18,서울특별시 중랑구 면목동 1049-12,,,127.0736653,37.5841894,공원명,,,,,,,,,,,,,,,,,,,
중랑구-중랑천변공원-5,중랑천변공원,1.13E+18,서울특별시 중랑구 면목동 1031-451,,,127.073,37.58727778,공원명,,,,,,,,,,,,,,,,,,,
서부녹지-월드컵공원-14,월드컵공원,,서울특별시 마포구 상암동 478-1,,서울특별시 마포구 하늘공원로 108-2,126.8741692,37.5738407,공원명,,,,,,,,,,,,,,,,,,,
서부녹지-월드컵공원-15,월드컵공원,,서울특별시 마포구 상암동 478-1,,서울특별시 마포구 하늘공원로 108-2,126.8741389,37.57386111,공원명,,,,,,,,,,,,,,,,,,,
중랑구-중랑천변공원-7,중랑천변공원,1.13E+18,서울특별시 중랑구 면목동 727-24,,,127.0781531,37.58070829,공원명,,,,,,,,,,,,,,,,,,,
관악구-보명 어린이공원-1,보명 어린이공원,,서울특별시 관악구 신림동 610-297,,서울특별시 관악구 법원단지10길 107,126.92575,37.47561111,공원명,,,,,,,,,,,,,,,,,,,
노원구-각심어린이공원-3,각심어린이공원,,서울특별시 노원구 월계동 555,,서울특별시 노원구 초안산로1길 18,127.0520874,37.62932537,공원명,,,,,,,,,,,,,,,,,,,
중랑구-중화2동체육공원-1,중화2동체육공원,1.13E+18,서울특별시 중랑구 중화동 403-3,,서울특별시 중랑구 중랑천로29길 47,127.0708366,37.59601382,공원명,,,,,,,,,,,,,,,,,,,
중랑구-면우배드민턴장-1,면우배드민턴장,1.13E+18,서울특별시 중랑구 면목동 190-43,,서울특별시 중랑구 중랑천로 31,127.07325,37.58786111,공원명,,,,,,,,,,,,,,,,,,,
동작구-청명어린이공원-1,청명어린이공원,1.16E+18,서울특별시 동작구 신대방동 719,,서울특별시 동작구 신대방1가길 38,126.9079722,37.48777778,공원명,,,,,,,,,,,,,,,,,,,
관악구-목화 어린이공원-1,목화 어린이공원,,서울특별시 관악구 신림동 1716,,서울특별시 관악구 신림로3가길 45-24,126.9421111,37.46788889,공원명,,,,,,,,,,,,,,,,,,,
광진구-중랑천둔치체육공원-3,중랑천둔치체육공원,1.12E+18,서울특별시 광진구 중곡동 458-22,,,127.0764072,37.56602357,공원명,,,,,,,,,,,,,,,,,,,
양천구-파리근린공원-1,파리근린공원,,서울특별시 양천구 목동 906,,서울특별시 양천구 목동동로 363,126.8772222,37.53472222,공원명,,,,,,,,,,,,,,,,,,,
광진구-중랑천둔치체육공원-2,중랑천둔치체육공원,1.12E+18,서울특별시 광진구 중곡동 485-7,,,127.0765912,37.56652448,공원명,,,,,,,,,,,,,,,,,,,
도봉구-둥근달어린이공원-1,둥근달어린이공원,1.13E+18,서울특별시 도봉구 쌍문동 139-101,,서울특별시 도봉구 도봉로117길 88,127.030285,37.64967617,공원명,,,,,,,,,,,,,,,,,,,
영등포구-대림어린이공원-1,대림어린이공원,,서울특별시 영등포구 대림동 870,,서울특별시 영등포구 대림로 106,126.9029731,37.49147364,공원명,,,,,,,,,,,,,,,,,,,
광진구-중랑천둔치체육공원-1,중랑천둔치체육공원,1.12E+18,서울특별시 광진구 중곡동 485-7,,서울특별시 광진구 동일로 399-1,127.0767832,37.56659727,공원명,,,,,,,,,,,,,,,,,,,
중랑구-중랑천제방-1,중랑천제방,1.13E+18,서울특별시 중랑구 면목동 1031-22,,서울특별시 중랑구 중랑천로 14,127.0743828,37.5864769,공원명,,,,,,,,,,,,,,,,,,,
중랑구-중랑천변공원-4,중랑천변공원,1.13E+18,서울특별시 중랑구 면목동 1031-25,,,127.0746667,37.58536111,공원명,,,,,,,,,,,,,,,,,,,
양천구-안양천체육공원-11,안양천체육공원,1.15E+18,서울특별시 양천구 목동 409-379,,서울특별시 양천구 안양천로 914,126.8794034,37.52713809,공원명,,,,,,,,,,,,,,,,,,,
관악구-맨발공원-1,맨발공원,,서울특별시 관악구 신림동 산 27-5,,서울특별시 관악구 신림로3길 40,126.9444911,37.46646403,공원명,,,,,,,,,,,,,,,,,,,
광진구-마을마당공원-1,중곡1동마을마당,1.12E+18,서울특별시 광진구 중곡동 248-29,,서울특별시 광진구 긴고랑로4길 30,127.0769526,37.56268827,공원명,,,,,,,,,,,,,,,,,,,
한강사업본부-한강시민공원 난지지구-10,한강시민공원 난지지구,1.14E+18,서울특별시 마포구 상암동 495-81,,서울특별시 마포구 한강난지로 28,126.8726111,37.57030556,공원명,,,,,,,,,,,,,,,,,,,
서부녹지-월드컵공원-16,월드컵공원,,서울특별시 마포구 상암동 478-1,,서울특별시 마포구 하늘공원로 108-2,126.8730556,37.576,공원명,,,,,,,,,,,,,,,,,,,
관악구-새숲 어린이공원-1,새숲 어린이공원,,서울특별시 관악구 신림동 539-13,,서울특별시 관악구 조원로16가길 42,126.9130278,37.48247222,공원명,,,,,,,,,,,,,,,,,,,
한강사업본부-한강시민공원(뚝섬지구)-13,한강시민공원(뚝섬지구),1.12E+18,서울특별시 광진구 자양동 427-12,,,127.0711111,37.52944444,공원명,,,,,,,,,,,,,,,,,,,
서부녹지-서울식물원-2,서부녹지-서울식물원-2,1.15E+18,서울특별시 강서구 마곡동 812,,,126.8317283,37.570539,공원,,,,,,,,,,,,,,,,,,,
성북구-샛별어린이공원-1,샛별어린이공원,1.13E+18,서울특별시 성북구 석관동 168-50,,서울특별시 성북구 화랑로42길 35,127.064186,37.61416505,공원명,,,,,,,,,,,,,,,,,,,
한강사업본부-한강시민공원 난지지구-11,한강시민공원 난지지구,1.14E+18,서울특별시 마포구 상암동 495-81,,서울특별시 마포구 한강난지로 28,126.8722541,37.56994124,공원명,,,,,,,,,,,,,,,,,,,
동대문구-중랑천제방(장안)-1,중랑천제방(장안),1.12E+18,서울특별시 동대문구 장안동 481-3,,,127.0770556,37.57158333,공원명,,,,,,,,,,,,,,,,,,,
한강사업본부-한강시민공원 난지지구-9,한강시민공원 난지지구,1.14E+18,서울특별시 마포구 상암동 495-81,,서울특별시 마포구 한강난지로 28,126.872226,37.56990954,공원명,,,,,,,,,,,,,,,,,,,
한강사업본부-한강시민공원 난지지구-8,한강시민공원 난지지구,1.14E+18,서울특별시 마포구 상암동 495-81,,서울특별시 마포구 한강난지로 28,126.872212,37.56990045,공원명,,,,,,,,,,,,,,,,,,,
한강사업본부-한강시민공원(뚝섬지구)-11,한강시민공원(뚝섬지구),1.12E+18,서울특별시 광진구 자양동 427-12,,,127.0712057,37.52918453,공원명,,,,,,,,,,,,,,,,,,,
서부녹지-월드컵공원-13,월드컵공원,,서울특별시 마포구 상암동 478-1,,서울특별시 마포구 하늘공원로 108-2,126.8724722,37.57426389,공원명,,,,,,,,,,,,,,,,,,,
강북구-우이동만남의광장-1,우이동만남의광장,1.13E+18,서울특별시 강북구 우이동 186-2,,서울특별시 강북구 삼양로173길 98,127.0074799,37.66165428,공원명,,,,,,,,,,,,,,,,,,,
관악구-태양 어린이공원-1,태양 어린이공원,,서울특별시 관악구 신림동 1537-15,,서울특별시 관악구 호암로22길 69,126.9365833,37.46858333,공원명,,,,,,,,,,,,,,,,,,,
중랑구-상리어린이공원-1,상리어린이공원,,서울특별시 중랑구 면목동 186-21,,서울특별시 중랑구 중랑천로10길 20,127.0740556,37.59180556,공원명,,,,,,,,,,,,,,,,,,,
광진구-중랑천뚝방길공원-1,중랑천뚝방길공원,1.12E+18,서울특별시 광진구 중곡동 236-3,,서울특별시 광진구 동일로 417,127.0777778,37.56777778,공원명,,,,,,,,,,,,,,,,,,,
중랑구-초롱어린이공원-1,초롱어린이공원,,서울특별시 중랑구 중화동 323-14,,서울특별시 중랑구 중랑천로20길 6-14,127.0729444,37.59575,공원명,,,,,,,,,,,,,,,,,,,
영등포구-안양천고수부지-5,안양천고수부지,1.16E+18,서울특별시 영등포구 문래동6가 52,,서울특별시 영등포구 영등포로2길 34,126.8813889,37.52,공원명,,,,,,,,,,,,,,,,,,,
서초구-양재어린이공원-1,서초구-양재어린이공원-1,1.17E+18,서울특별시 서초구 양재동 9-29,,서울특별시 서초구 바우뫼로39길 85,127.0390854,37.48340303,공원명,,,,,,,,,,,,,,,,,,,
서부녹지-월드컵공원-12,월드컵공원,,서울특별시 마포구 상암동 478-1,,서울특별시 마포구 하늘공원로 108-2,126.8719167,37.57491667,공원명,,,,,,,,,,,,,,,,,,,
동대문구-중랑천변공원(장안)-2,중랑천변공원(장안),1.13E+18,서울특별시 중랑구 면목동 727-24,,,127.0775833,37.575,공원명,,,,,,,,,,,,,,,,,,,
한강사업본부-한강시민공원 난지지구-12,한강시민공원 난지지구,1.14E+18,서울특별시 마포구 상암동 482-302,,,126.8713793,37.5702836,공원명,,,,,,,,,,,,,,,,,,,
관악구-난우어린이공원-1,난우어린이공원,,서울특별시 관악구 신림동 1482-1,,서울특별시 관악구 난곡로61길 1,126.9140845,37.48023302,공원명,,,,,,,,,,,,,,,,,,,
영등포구-대림체육공원-1,대림체육공원,,서울특별시 영등포구 대림동 780,,서울특별시 영등포구 가마산로31길 16,126.8938889,37.49944444,공원명,,,,,,,,,,,,,,,,,,,
서초구-효자공원-1,효자공원,1.17E+18,서울특별시 서초구 우면동 74-13,,서울특별시 서초구 바우뫼로9길 61,127.0243452,37.47331015,공원명,,,,,,,,,,,,,,,,,,,
동작구-해당화 어린이공원-1,해당화 어린이공원,1.16E+18,서울특별시 동작구 신대방동 686-70,,서울특별시 동작구 신대방1가길 77,126.9058153,37.48682346,공원명,,,,,,,,,,,,,,,,,,,
구로구-안양천둔치공원-3,안양천둔치공원,1.15E+18,서울특별시 영등포구 문래동6가 52,,서울특별시 영등포구 영등포로2길 34,126.8811111,37.51972222,공원명,,,,,,,,,,,,,,,,,,,
영등포구-안양천고수부지-2,안양천고수부지,1.16E+18,서울특별시 영등포구 문래동6가 52,,서울특별시 영등포구 영등포로2길 34,126.8811111,37.51972222,공원명,,,,,,,,,,,,,,,,,,,
관악구-소락정마을마당-1,소락정마을마당,,서울특별시 관악구 신림동 597-118,,서울특별시 관악구 난우10가길 14-3,126.9195556,37.47638889,공원명,,,,,,,,,,,,,,,,,,,
시설관리공단-어린이대공원-15,어린이대공원,1.12E+18,서울특별시 광진구 능동 18,,서울특별시 광진구 능동로 216,127.0772222,37.54888889,공원명,,,,,,,,,,,,,,,,,,,
한강사업본부-한강시민공원(뚝섬지구)-12,한강시민공원(뚝섬지구),1.12E+18,서울특별시 광진구 자양동 435,,,127.0722222,37.52861111,공원명,,,,,,,,,,,,,,,,,,,
관악구-관악산경로구역공원-1,관악산경로구역공원,,서울특별시 관악구 신림동 산 32-22,,,126.9479722,37.46383333,공원명,,,,,,,,,,,,,,,,,,,
노원구-초안어린이공원-1,초안어린이공원,,서울특별시 노원구 월계동 775,,서울특별시 노원구 초안산로5길 22,127.0516111,37.63388889,공원명,,,,,,,,,,,,,,,,,,,
구로구-삼각어린이공원-1,삼각어린이공원,,서울특별시 구로구 구로동 50-11,,서울특별시 구로구 새말로18길 112,126.8919444,37.50138889,공원명,,,,,,,,,,,,,,,,,,,
영등포구-안양천고수부지-4,안양천고수부지,1.16E+18,서울특별시 영등포구 문래동5가 31,,서울특별시 영등포구 영등포로2길 62,126.8816667,37.51777778,공원명,,,,,,,,,,,,,,,,,,,
양천구-안양천체육공원-13,안양천체육공원,1.15E+18,서울특별시 양천구 목동 409-379,,서울특별시 양천구 안양천로 1026,126.8786111,37.52388889,공원명,,,,,,,,,,,,,,,,,,,
서초구-암산어린이공원-1,서초구-암산어린이공원-1,1.17E+18,서울특별시 서초구 우면동 46-12,,서울특별시 서초구 바우뫼로11안길 32,127.025782,37.47335667,공원명,,,,,,,,,,,,,,,,,,,
시설관리공단-어린이대공원-14,어린이대공원,1.12E+18,서울특별시 광진구 능동 18,,서울특별시 광진구 능동로 216,127.0780833,37.55133333,공원명,,,,,,,,,,,,,,,,,,,
관악구-남강 어린이공원-1,남강 어린이공원,,서울특별시 관악구 신림동 1678-56,,서울특별시 관악구 난곡로34나길 49,126.9235833,37.47330556,공원명,,,,,,,,,,,,,,,,,,,
도봉구-둘리(쌍문)유아숲체험장-1,둘리(쌍문)유아숲체험장,1.13E+18,서울특별시 도봉구 쌍문동 산 82,,,127.0294444,37.65291667,공원명,,,,,,,,,,,,,,,,,,,
동대문구-중랑천변공원(장안)-4,중랑천변공원(장안),1.12E+18,서울특별시 동대문구 이문동 353-4,,,127.0718333,37.60236111,공원명,,,,,,,,,,,,,,,,,,,
광진구-중곡공원-1,중곡공원,1.12E+18,서울특별시 광진구 중곡동 233-45,,서울특별시 광진구 긴고랑로5길 13,127.0791667,37.56472222,공원명,,,,,,,,,,,,,,,,,,,
관악구-사우촌 어린이공원-1,사우촌 어린이공원,,서울특별시 관악구 신림동 1554-28,,서울특별시 관악구 신림로23길 75,126.9343333,37.46755556,공원명,,,,,,,,,,,,,,,,,,,
양천구-안양천체육공원-5,안양천체육공원,1.15E+18,서울특별시 양천구 신정동 871-2,,,126.8788889,37.52194444,공원명,,,,,,,,,,,,,,,,,,,
양천구-어울림쉼터-1,어울림쉼터,,서울특별시 양천구 목동 530-26,,서울특별시 양천구 목동중앙본로32길 7,126.8716568,37.545497,공원명,,,,,,,,,,,,,,,,,,,
중랑구-한신어린이공원-1,한신어린이공원,1.13E+18,서울특별시 중랑구 면목동 178-19,,서울특별시 중랑구 겸재로3길 50,127.0768333,37.58808333,공원명,,,,,,,,,,,,,,,,,,,
구로구-거리공원-1,거리공원,,서울특별시 구로구 구로동 49,,서울특별시 구로구 공원로 26,126.8913889,37.5,공원명,,,,,,,,,,,,,,,,,,,
중랑구-세화어린이공원-1,세화어린이공원,1.13E+18,서울특별시 중랑구 중화동 327-68,,서울특별시 중랑구 봉화산로2길 61,127.0738611,37.59916667,공원명,,,,,,,,,,,,,,,,,,,
중랑구-중랑천제방-2,중랑천제방,1.13E+18,서울특별시 중랑구 면목동 727-91,,,127.0791975,37.57625034,공원명,,,,,,,,,,,,,,,,,,,
구로구-거리공원-2,거리공원,,서울특별시 구로구 구로동 23-2,,서울특별시 구로구 공원로 68,126.8890413,37.50271215,공원명,,,,,,,,,,,,,,,,,,,
한강사업본부-한강시민공원(뚝섬지구)-10,한강시민공원(뚝섬지구),1.12E+18,서울특별시 광진구 자양동 435,,,127.0738889,37.52833333,공원명,,,,,,,,,,,,,,,,,,,
관악구-샘말공원-1,샘말공원,,서울특별시 관악구 신림동 251-147,,서울특별시 관악구 대학길 129,126.9383889,37.46505556,공원명,,,,,,,,,,,,,,,,,,,
중랑구-송계어린이공원-1,송계어린이공원,1.13E+18,서울특별시 중랑구 면목동 172-11,,서울특별시 중랑구 겸재로10길 33,127.0782222,37.58469444,공원명,,,,,,,,,,,,,,,,,,,
서부녹지-월드컵공원-9,월드컵공원,,서울특별시 마포구 상암동 478-1,,서울특별시 마포구 하늘공원로 108-2,126.8696022,37.57556049,공원명,,,,,,,,,,,,,,,,,,,
관악구-관악산계곡캠핑장-1,관악산계곡캠핑장,1.16E+18,서울특별시 관악구 신림동 808-125,,,126.9487401,37.46166052,공원명,,,,,,,,,,,,,,,,,,,
강남구-대치목련(어린이공원)-1,대치목련(어린이공원),,서울특별시 강남구 대치동 929-10,1.17E+21,서울특별시 강남구 삼성로63길 17,127.0585391,37.49974008,공원명,,,,,,,,,,,,,,,,,,,
성북구-석계초등학교앞(중란천변)-1,석계초등학교앞(중란천변),1.13E+18,서울특별시 성북구 석관동 24,,서울특별시 성북구 한천로58길 273,127.0705243,37.60896501,공원명,,,,,,,,,,,,,,,,,,,
양천구-안양천체육공원-4,안양천체육공원,1.15E+18,서울특별시 양천구 신정동 139-2,,,126.8783333,37.52027778,공원명,,,,,,,,,,,,,,,,,,,
한강사업본부-한강시민공원 난지지구-14,한강시민공원 난지지구,1.14E+18,서울특별시 마포구 상암동 481-220,,서울특별시 마포구 마포나루길 83,126.8690285,37.57242526,공원명,,,,,,,,,,,,,,,,,,,
한강사업본부-한강시민공원 난지지구-13,한강시민공원 난지지구,1.14E+18,서울특별시 마포구 상암동 481-220,,서울특별시 마포구 마포나루길 83,126.8690058,37.57242965,공원명,,,,,,,,,,,,,,,,,,,
도봉구-꿈동산어린이공원-1,꿈동산어린이공원,1.13E+18,서울특별시 도봉구 창동 661-89,,서울특별시 도봉구 도봉로110나길 97,127.0367778,37.65013889,공원명,,,,,,,,,,,,,,,,,,,
노원구-인덕마을어린이공원-1,노원구-인덕마을어린이공원-1,,서울특별시 노원구 월계동 645-21,,서울특별시 노원구 초안산로 12,127.0568105,37.63152197,공원명,,,,,,,,,,,,,,,,,,,
중랑구-중랑천변공원-6,중랑천변공원,1.13E+18,서울특별시 중랑구 중화동 381-5,,,127.0735742,37.60312184,공원명,,,,,,,,,,,,,,,,,,,
시설관리공단-어린이대공원-13,어린이대공원,1.12E+18,서울특별시 광진구 능동 18,,,127.080297,37.55184794,공원명,,,,,,,,,,,,,,,,,,,
한강사업본부-한강시민공원(뚝섬지구)-9,한강시민공원(뚝섬지구),1.12E+18,서울특별시 광진구 자양동 410-1,,,127.075,37.52888889,공원명,,,,,,,,,,,,,,,,,,,
노원구-초안산배수지공원-1,초안산배수지공원,1.14E+18,서울특별시 노원구 월계동 산 63-1,,서울특별시 노원구 마들로5가길 113,127.051,37.6385,공원명,,,,,,,,,,,,,,,,,,,
도봉구-반석어린이공원-1,반석어린이공원,1.13E+18,서울특별시 도봉구 창동 350,,서울특별시 도봉구 해등로 49,127.0415147,37.64714928,공원명,,,,,,,,,,,,,,,,,,,
중랑구-중랑천변공원-2,중랑천변공원,1.13E+18,서울특별시 중랑구 중화동 363,,,127.0729722,37.60536111,공원명,,,,,,,,,,,,,,,,,,,
중랑구-중화수경공원-1,중화수경공원,1.13E+18,서울특별시 중랑구 중화동 381-3,,서울특별시 중랑구 중랑천로 206,127.0740827,37.60286003,공원명,,,,,,,,,,,,,,,,,,,
시설관리공단-어린이대공원-2,어린이대공원,1.12E+18,서울특별시 광진구 능동 18,,서울특별시 광진구 능동로 216,127.0805086,37.55045159,공원명,,,,,,,,,,,,,,,,,,,
노원구-나팔꽃어린이공원-1,나팔꽃어린이공원,,서울특별시 노원구 월계동 298-8,,서울특별시 노원구 광운로 122,127.0600556,37.62822222,공원명,,,,,,,,,,,,,,,,,,,
한강사업본부-한강시민공원(뚝섬지구)-8,한강시민공원(뚝섬지구),1.12E+18,서울특별시 광진구 자양동 410-1,,,127.0751801,37.52785136,공원명,,,,,,,,,,,,,,,,,,,
시설관리공단-어린이대공원-12,어린이대공원,1.12E+18,서울특별시 광진구 능동 18,,서울특별시 광진구 능동로 216,127.0803961,37.54831481,공원명,,,,,,,,,,,,,,,,,,,
도봉구-초안산근린공원-4,초안산근린공원,1.13E+18,서울특별시 도봉구 창동 산 24,,서울특별시 도봉구 해등로3길 48-11,127.0402245,37.64865851,공원명,,,,,,,,,,,,,,,,,,,
중랑구-늘푸른 근린공원-1,늘푸른 근린공원,,서울특별시 중랑구 면목동 172-95,,서울특별시 중랑구 동일로 589,127.08,37.58277778,공원명,,,,,,,,,,,,,,,,,,,
광진구-장독골공원-1,장독골공원,1.12E+18,서울특별시 광진구 자양동 804-10,,서울특별시 광진구 아차산로40길 46,127.0778056,37.53577778,공원명,,,,,,,,,,,,,,,,,,,
중랑구-중랑천변공원-1,중랑천변공원,1.13E+18,서울특별시 중랑구 묵동 361-5,,,127.0724167,37.60794444,공원명,,,,,,,,,,,,,,,,,,,
중랑구-중화리어린이공원-1,중화리어린이공원,,서울특별시 중랑구 중화동 281-2,,서울특별시 중랑구 동일로138길 19-17,127.0803889,37.60405556,공원명,,,,,,,,,,,,,,,,,,,
도봉구-월천공원-1,월천공원,,서울특별시 도봉구 창동 28,,,127.0508056,37.64766667,공원명,,,,,,,,,,,,,,,,,,,
도봉구-월천공원-2,월천공원,,서울특별시 도봉구 창동 28,,,127.0508056,37.64766667,공원명,,,,,,,,,,,,,,,,,,,
금천-독산테니스장-1,금천-독산테니스장-1,1.15E+18,서울특별시 금천구 독산동 산 89-7,,서울특별시 금천구 독산로54길 288,126.9065888,37.47373016,공원,,,,,,,,,,,,,,,,,,,
도봉구-모랫어린이공원-1,모랫어린이공원,1.13E+18,서울특별시 도봉구 창동 30,,서울특별시 도봉구 노해로70길 126,127.0517778,37.64713889,공원명,,,,,,,,,,,,,,,,,,,
관악구-난향공원-1,난향공원,1.16E+18,서울특별시 관악구 신림동 685-61,,서울특별시 관악구 난곡로11길 43,126.9171742,37.46577474,공원명,,,,,,,,,,,,,,,,,,,
노원구-새나라어린이공원-1,새나라어린이공원,,서울특별시 노원구 공릉동 569-21,,서울특별시 노원구 동일로179길 22,127.0728766,37.62209934,공원명,,,,,,,,,,,,,,,,,,,
관악구-선우공원-1,선우공원,,서울특별시 관악구 신림동 737,,서울특별시 관악구 문성로16다길 135,126.9112635,37.46930356,공원명,,,,,,,,,,,,,,,,,,,
관악구-관악제2구민운동장-1,관악제2구민운동장,,서울특별시 관악구 신림동 산 58-11,1.16E+21,서울특별시 관악구 약수암길 43-5,126.934,37.4575,공원명,,,,,,,,,,,,,,,,,,,
중랑구-면목어린이공원-1,면목어린이공원,1.13E+18,서울특별시 중랑구 면목동 127-24,,서울특별시 중랑구 면목로73길 14-15,127.0860556,37.5895,공원명,,,,,,,,,,,,,,,,,,,
노원구-경춘선폐선부지공원-3,경춘선폐선부지공원,1.14E+18,서울특별시 노원구 공릉동 707,,서울특별시 노원구 동일로198가길 149,127.0670833,37.63130556,공원명,,,,,,,,,,,,,,,,,,,
관악구-관악산 선우공원-1,관악산 선우공원,,서울특별시 관악구 신림동 산 117-23,,서울특별시 관악구 문성로16다길 133-69,126.9134444,37.46758333,공원명,,,,,,,,,,,,,,,,,,,
중랑구-까치어린이공원-1,까치어린이공원,1.13E+18,서울특별시 중랑구 면목동 570,,서울특별시 중랑구 사가정로49길 56,127.0874722,37.58347222,공원명,,,,,,,,,,,,,,,,,,,
중랑구-용마폭포공원-2,용마폭포공원,,서울특별시 중랑구 면목동 산 1-4,,서울특별시 중랑구 용마산로 250-12,127.0888333,37.57302778,공원명,,,,,,,,,,,,,,,,,,,
중랑구-봉황어린이공원-1,봉황어린이공원,,서울특별시 중랑구 상봉동 113-33,,서울특별시 중랑구 면목로91길 6-18,127.0849444,37.59511111,공원명,,,,,,,,,,,,,,,,,,,
양천구-해누리체육공원-2,해누리체육공원,,서울특별시 양천구 신정동 330-4,1.15E+21,서울특별시 양천구 안양천로 711,126.8727455,37.51198277,공원명,,,,,,,,,,,,,,,,,,,
서초구-양재근린공원-3,양재근린공원,1.17E+18,서울특별시 서초구 양재동 311-1,,서울특별시 서초구 언남길 8,127.0424444,37.47177778,공원명,,,,,,,,,,,,,,,,,,,
강남구-양재천(황톳길)-2,양재천(황톳길),,서울특별시 강남구 대치동 504-4,,,127.0620801,37.49005462,공원명,,,,,,,,,,,,,,,,,,,
중랑구-용마폭포공원-1,용마폭포공원,,서울특별시 중랑구 면목동 산 1-4,,서울특별시 중랑구 용마산로 250-12,127.0889722,37.57288889,공원명,,,,,,,,,,,,,,,,,,,
양천구-해누리체육공원-3,해누리체육공원,,서울특별시 양천구 신정동 330-4,1.15E+21,서울특별시 양천구 안양천로 711,126.8726797,37.51173004,공원명,,,,,,,,,,,,,,,,,,,
송파구-아시아공원-2,아시아공원,1.17E+18,서울특별시 송파구 잠실동 84,,서울특별시 송파구 올림픽로 44,127.0760434,37.51030053,공원명,,,,,,,,,,,,,,,,,,,
한강사업본부-한강시민공원(뚝섬지구)-2,한강시민공원(뚝섬지구),1.12E+18,서울특별시 광진구 자양동 704,,,127.0863889,37.52777778,공원명,,,,,,,,,,,,,,,,,,,
노원구-개미어린이공원-1,노원구-개미어린이공원-1,1.14E+18,서울특별시 노원구 공릉동 589-4,,서울특별시 노원구 동일로176길 45,127.0777522,37.620627,개미어린이공원,,,,,,,,,,,,,,,,,,,
금천구-남문공원-1,남문공원,,서울특별시 금천구 독산동 160-5,,서울특별시 금천구 시흥대로138길 36,126.9005693,37.47235947,공원명,,,,,,,,,,,,,,,,,,,
구로구-안양천둔치공원-7,안양천둔치공원,1.15E+18,서울특별시 양천구 신정동 871-24,,,126.8725659,37.50505493,공원명,,,,,,,,,,,,,,,,,,,
강남구-개포까치공원-1,개포까치공원,,서울특별시 강남구 개포동 169-3,,서울특별시 강남구 선릉로10길 16,127.0611474,37.48369431,공원명,,,,,,,,,,,,,,,,,,,
광진구-목련공원-1,목련공원,1.12E+18,서울특별시 광진구 구의동 223-4,,서울특별시 광진구 아차산로59길 41-6,127.0904346,37.54056704,공원명,,,,,,,,,,,,,,,,,,,
노원구-중계근린공원-1,중계근린공원,,서울특별시 노원구 중계동 507-3,,서울특별시 노원구 동일로 1229,127.0656944,37.63955556,공원명,,,,,,,,,,,,,,,,,,,
광진구-푸른동산어린이공원-1,푸른동산어린이공원,1.12E+18,서울특별시 광진구 구의동 227-13,,서울특별시 광진구 광나루로44길 32,127.0911667,37.54283333,공원명,,,,,,,,,,,,,,,,,,,
서초구-두둑재어린이공원-1,서초구-두둑재어린이공원-1,1.17E+18,서울특별시 서초구 양재동 357,,서울특별시 서초구 강남대로6길 52-4,127.0440234,37.4679574,공원명,,,,,,,,,,,,,,,,,,,
금천구-조마공원-1,조마공원,1.15E+18,서울특별시 금천구 가산동 778,,서울특별시 금천구 시흥대로149길 30,126.8958333,37.47555556,공원명,,,,,,,,,,,,,,,,,,,
강남구-개포목련어린이공원-1,개포목련어린이공원,1.17E+18,서울특별시 강남구 개포동 1175,,서울특별시 강남구 논현로6길 34,127.0522222,37.47433333,공원명,,,,,,,,,,,,,,,,,,,
광진구-구둘어린이공원-1,구둘어린이공원,1.12E+18,서울특별시 광진구 구의동 60-7,,서울특별시 광진구 자양로42길 48,127.0923056,37.54825,공원명,,,,,,,,,,,,,,,,,,,
중랑구-남촌어린이공원-1,남촌어린이공원,,서울특별시 중랑구 면목동 110-13,,서울특별시 중랑구 용마산로81길 58-8,127.0913889,37.58580556,공원명,,,,,,,,,,,,,,,,,,,
광진구-양마장공원-1,양마장공원,1.12E+18,서울특별시 광진구 자양동 689-5,,서울특별시 광진구 뚝섬로64길 58,127.0886389,37.53086111,공원명,,,,,,,,,,,,,,,,,,,
도봉구-샘말어린이공원-1,샘말어린이공원,,서울특별시 도봉구 방학동 611-5,1.13E+21,서울특별시 도봉구 시루봉로15마길 5,127.0317625,37.66847036,공원명,,,,,,,,,,,,,,,,,,,
노원구-느티울근린공원-1,느티울근린공원,,서울특별시 노원구 상계동 742,,서울특별시 노원구 동일로213길 52,127.058,37.64919444,공원명,,,,,,,,,,,,,,,,,,,
노원구-사랑어린이공원-1,사랑어린이공원,,서울특별시 노원구 상계동 765,,서울특별시 노원구 동일로213길 21,127.0603267,37.64707893,공원명,,,,,,,,,,,,,,,,,,,
금천구-한사랑어린이공원-1,한사랑어린이공원,1.15E+18,서울특별시 금천구 독산동 925-1,,서울특별시 금천구 독산로70라길 5-6,126.9044444,37.46777778,공원명,,,,,,,,,,,,,,,,,,,
중랑구-묵동어린이공원,중랑구-묵동어린이공원,,서울특별시 중랑구 묵동 396-1,,서울특별시 중랑구 숙선옹주로 45,127.0815303,37.6172257,상세위치,,,,,,,,,,,,,,,,,,,
노원구-등나무문화공원-1,등나무문화공원,,서울특별시 노원구 중계동 508,,서울특별시 노원구 동일로204길 13,127.0671995,37.63966155,공원명,,,,,,,,,,,,,,,,,,,
양천구-갈산공원-1,갈산공원,1.15E+18,서울특별시 양천구 신정동 163-55,,서울특별시 양천구 목동남로 106-23,126.8691667,37.50805556,공원명,,,,,,,,,,,,,,,,,,,
강남구-개포동근린공원-1,개포동근린공원,1.17E+18,서울특별시 강남구 개포동 183-1,,서울특별시 강남구 개포로 509,127.0683333,37.48983333,공원명,,,,,,,,,,,,,,,,,,,
금천구-소망공원-1,소망공원,,서울특별시 금천구 독산동 196-8,,서울특별시 금천구 독산로75길 12-7,126.9016667,37.46944444,공원명,,,,,,,,,,,,,,,,,,,
노원구-감나무어린이공원-1,감나무어린이공원,,서울특별시 노원구 상계동 741-2,1.14E+21,서울특별시 노원구 동일로213길 52,127.0588772,37.64922547,공원명,,,,,,,,,,,,,,,,,,,
강남구-학여울공원-1,학여울공원,1.17E+18,서울특별시 강남구 개포동 183,,서울특별시 강남구 개포로 513,127.069,37.49038889,공원명,,,,,,,,,,,,,,,,,,,
노원구-로보카폴리어린이교통공원-1,로보카폴리어린이교통공원,,서울특별시 노원구 중계동 500,1.14E+21,서울특별시 노원구 덕릉로 483,127.0626111,37.64558333,공원명,,,,,,,,,,,,,,,,,,,
강남구-SETEC뒤양재천산책로-1,SETEC뒤양재천산책로,,서울특별시 강남구 대치동 10,,서울특별시 강남구 남부순환로 3104,127.0728081,37.49526321,공원명,,,,,,,,,,,,,,,,,,,
구로구-안양천둔치공원-6,안양천둔치공원,1.15E+18,서울특별시 구로구 고척동 60-1,,서울특별시 구로구 안양천로 642,126.8708654,37.50410172,공원명,,,,,,,,,,,,,,,,,,,
중랑구-동심어린이공원,중랑구-동심어린이공원,,서울특별시 중랑구 면목동 1084-3,,서울특별시 중랑구 사가정로72길 26,127.0935523,37.5803184,상세주소,,,,,,,,,,,,,,,,,,,
구로구-솔길어린이공원-1,솔길어린이공원,1.15E+18,서울특별시 구로구 구로동 394-120,,서울특별시 구로구 가마산로 153-1,126.8808333,37.48944444,공원명,,,,,,,,,,,,,,,,,,,
송파구-부렴어린이공원-1,부렴어린이공원,,서울특별시 송파구 잠실동 296,,서울특별시 송파구 도곡로64길 9-3,127.0793518,37.50547657,공원명,,,,,,,,,,,,,,,,,,,
금천구-장미공원-1,장미공원,,서울특별시 금천구 시흥동 3-11,,서울특별시 금천구 독산로50길 166,126.9122222,37.46166667,공원명,,,,,,,,,,,,,,,,,,,
금천구-정훈어린이공원-1,정훈어린이공원,,서울특별시 금천구 독산동 378-4,,서울특별시 금천구 독산로58다길 31,126.9062852,37.46550759,,,,,,,,,,,,,,,,,,,,
구로구-측백나무정자마당-1,측백나무정자마당,1.15E+18,서울특별시 구로구 가리봉동 13-11,,서울특별시 구로구 구로동로7나길 16-5,126.8833137,37.48620677,공원명,,,,,,,,,,,,,,,,,,,
강서구-종달새공원-1,종달새공원,,서울특별시 강서구 화곡동 824-1,,서울특별시 강서구 등촌로13라길 45,126.8580556,37.53527778,공원명,,,,,,,,,,,,,,,,,,,
금천구-산장공원-1,산장공원,,서울특별시 금천구 시흥동 3-21,,서울특별시 금천구 독산로50길 177,126.912528,37.46089115,공원명,,,,,,,,,,,,,,,,,,,
도봉구-개나리어린이공원-1,개나리어린이공원,1.13E+18,서울특별시 도봉구 방학동 638-11,,서울특별시 도봉구 도당로17길 31,127.0371111,37.66733333,공원명,,,,,,,,,,,,,,,,,,,
도봉구-사슴어린이공원-1,사슴어린이공원,1.13E+18,서울특별시 도봉구 방학동 681-15,,서울특별시 도봉구 도봉로145가길 8-4,127.0417222,37.66444444,공원명,,,,,,,,,,,,,,,,,,,
양천구-시와묵향의거리-1,시와묵향의거리,,서울특별시 양천구 신정동 322-13,,서울특별시 양천구 목동동로 81,126.8637277,37.51627003,공원명,,,,,,,,,,,,,,,,,,,
중랑구-봉화산 유아숲체험장-1,봉화산 유아숲체험장,1.13E+18,서울특별시 중랑구 묵동 23-4,,서울특별시 중랑구 숙선옹주로 66,127.0844444,37.61480556,공원명,,,,,,,,,,,,,,,,,,,
금천구-푸른골어린이공원-1,푸른골어린이공원,,서울특별시 금천구 독산동 1040-3,,서울특별시 금천구 독산로68길 30,126.9032846,37.46652791,공원명,,,,,,,,,,,,,,,,,,,
중랑구-봉화산공원-1,봉화산공원,,서울특별시 중랑구 묵동 산 46-19,,,127.0869722,37.60919444,공원명,,,,,,,,,,,,,,,,,,,
중랑구-겸재어린이공원-1,겸재어린이공원,1.13E+18,서울특별시 중랑구 면목동 71-28,,서울특별시 중랑구 겸재로50나길 19,127.0933056,37.588,공원명,,,,,,,,,,,,,,,,,,,
양천구-해누리체육공원-1,해누리체육공원,,서울특별시 양천구 신정동 330-4,1.15E+21,서울특별시 양천구 안양천로 711,126.8727778,37.51111111,공원명,,,,,,,,,,,,,,,,,,,
송파구-아시아공원-1,아시아공원,1.17E+18,서울특별시 송파구 잠실동 84,,서울특별시 송파구 올림픽로 44,127.0763889,37.51055556,공원명,,,,,,,,,,,,,,,,,,,
서초구-양재근린공원-2,양재근린공원,1.17E+18,서울특별시 서초구 양재동 311-1,,서울특별시 서초구 언남길 8,127.0425063,37.47127268,공원명,,,,,,,,,,,,,,,,,,,
서초구-양재근린공원-1,양재근린공원,1.17E+18,서울특별시 서초구 양재동 311,,,127.0429722,37.47161111,공원명,,,,,,,,,,,,,,,,,,,
도봉구-효자어린이공원-1,효자어린이공원,1.13E+18,서울특별시 도봉구 창동 27-3,,서울특별시 도봉구 노해로70길 46,127.0510278,37.65019444,공원명,,,,,,,,,,,,,,,,,,,
노원구-마들체육공원-1,마들체육공원,,서울특별시 노원구 상계동 770-2,,서울특별시 노원구 덕릉로 460,127.0576389,37.64397222,공원명,,,,,,,,,,,,,,,,,,,
노원구-마들체육공원-2,마들체육공원,,서울특별시 노원구 상계동 770-2,,서울특별시 노원구 덕릉로 460,127.0576389,37.64397222,공원명,,,,,,,,,,,,,,,,,,,
노원구-경춘선폐선부지공원-1,경춘선폐선부지공원,1.14E+18,서울특별시 노원구 공릉동 708,,서울특별시 노원구 섬밭로 156,127.0682222,37.63144444,공원명,,,,,,,,,,,,,,,,,,,
강남구-양재천(황톳길)-3,양재천(황톳길),,서울특별시 강남구 대치동 504-4,,서울특별시 강남구 양재천로 363,127.0633178,37.49023497,공원명,,,,,,,,,,,,,,,,,,,
금천구-반수공원-1,반수공원,,서울특별시 금천구 독산동 980-44,,서울특별시 금천구 독산로93길 18,126.9023362,37.47415762,공원명,,,,,,,,,,,,,,,,,,,
노원구-경춘선폐선부지공원-2,경춘선폐선부지공원,,서울특별시 노원구 하계동 333-8,,,127.0684722,37.63163889,공원명,,,,,,,,,,,,,,,,,,,
동부녹지-양재시민의숲-10,양재시민의숲,,서울특별시 서초구 양재동 234,1.17E+21,,127.0378889,37.46738889,공원명,,,,,,,,,,,,,,,,,,,
구로구-화원어린이공원-1,화원어린이공원,,서울특별시 구로구 구로동 478-1,,서울특별시 구로구 벚꽃로 490,126.88,37.49777778,공원명,,,,,,,,,,,,,,,,,,,
양천구-안양천체육공원-12,안양천체육공원,1.15E+18,서울특별시 양천구 신정동 871-18,,,126.8727778,37.50944444,공원명,,,,,,,,,,,,,,,,,,,
도봉구-뒷말어린이공원-1,뒷말어린이공원,1.13E+18,서울특별시 도봉구 방학동 663-14,,서울특별시 도봉구 도당로11길 5-16,127.0336111,37.66377778,공원명,,,,,,,,,,,,,,,,,,,
양천구-양천근린공원-3,양천근린공원,,서울특별시 양천구 신정동 320,,서울특별시 양천구 목동동로 111,126.8683333,37.51805556,공원명,,,,,,,,,,,,,,,,,,,
금천구-금천체육공원-3,금천체육공원,,서울특별시 금천구 독산동 산 118-4,,서울특별시 금천구 독산로54길 102-27,126.9086111,37.46861111,공원명,,,,,,,,,,,,,,,,,,,
금천구-금천체육공원-4,금천체육공원,,서울특별시 금천구 독산동 산 118-4,,서울특별시 금천구 독산로54길 102-27,126.9086111,37.46861111,공원명,,,,,,,,,,,,,,,,,,,
금천구-금천체육공원-5,금천체육공원,,서울특별시 금천구 독산동 산 118-4,,서울특별시 금천구 독산로54길 102-27,126.9086111,37.46861111,공원명,,,,,,,,,,,,,,,,,,,
금천구-금천체육공원-2,금천체육공원,,서울특별시 금천구 독산동 산 118-4,,서울특별시 금천구 독산로54길 102-27,126.9086111,37.46861111,공원명,,,,,,,,,,,,,,,,,,,
금천구-금천체육공원-1,금천체육공원,,서울특별시 금천구 독산동 산 118-4,,서울특별시 금천구 독산로54길 102-27,126.9086111,37.46861111,공원명,,,,,,,,,,,,,,,,,,,
중랑구-용마폭포공원-4,용마폭포공원,,서울특별시 중랑구 면목동 산 1-4,,서울특별시 중랑구 용마산로 250-12,127.0904722,37.57372222,공원명,,,,,,,,,,,,,,,,,,,
강남구-달터근린공원-1,달터근린공원,,서울특별시 강남구 개포동 1271,,서울특별시 강남구 개포로28길 47,127.0522008,37.47746613,공원명,,,,,,,,,,,,,,,,,,,
중랑구-용마폭포공원-3,용마폭포공원,,서울특별시 중랑구 면목동 산 1-4,,서울특별시 중랑구 용마산로 250-12,127.0905767,37.57460033,공원명,,,,,,,,,,,,,,,,,,,
노원구-경춘선폐선부지공원-4,경춘선폐선부지공원,,서울특별시 노원구 공릉동 708,,서울특별시 노원구 동일로 1127,127.0696667,37.63152778,공원명,,,,,,,,,,,,,,,,,,,
도봉구-유만어린이공원-1,유만어린이공원,,서울특별시 도봉구 창동 33,1.13E+21,서울특별시 도봉구 노해로70길 19,127.0529414,37.65040866,공원명,,,,,,,,,,,,,,,,,,,
광진구-중랑천체육공원-1,중랑천체육공원,1.12E+18,서울특별시 광진구 중곡동 176-122,,,127.0911111,37.56777778,공원명,,,,,,,,,,,,,,,,,,,
도봉구-노해어린이공원-1,노해어린이공원,1.13E+18,서울특별시 도봉구 쌍문동 709-13,,서울특별시 도봉구 도봉로139길 42-6,127.0396667,37.66091667,공원명,,,,,,,,,,,,,,,,,,,
노원구-하계어린이공원-1,하계어린이공원,1.14E+18,서울특별시 노원구 하계동 273-3,,,127.0693611,37.63219444,공원명,,,,,,,,,,,,,,,,,,,
중랑구-용마폭포공원-5,용마폭포공원,,서울특별시 중랑구 면목동 산 1-4,,,127.0910291,37.57263695,공원명,,,,,,,,,,,,,,,,,,,
강서구-곰돌이공원-1,곰돌이공원,,서울특별시 강서구 가양동 1482,,서울특별시 강서구 허준로 176,126.858,37.56222222,공원명,,,,,,,,,,,,,,,,,,,
양천구-양천근린공원-4,양천근린공원,,서울특별시 양천구 신정동 320,,서울특별시 양천구 목동동로 117,126.8675366,37.51781377,공원명,,,,,,,,,,,,,,,,,,,
양천구-양천근린공원-2,양천근린공원,,서울특별시 양천구 신정동 320,,서울특별시 양천구 목동동로 117,126.8675324,37.51763799,공원명,,,,,,,,,,,,,,,,,,,
강남구-개포서근린공원-1,개포서근린공원,1.17E+18,서울특별시 강남구 개포동 181,,서울특별시 강남구 개포로 409-1,127.0643333,37.48908333,공원명,,,,,,,,,,,,,,,,,,,
금천구-능골마을마당-1,능골마을마당,1.15E+18,서울특별시 금천구 독산동 375-2,,서울특별시 금천구 독산로54길 114,126.908,37.468,공원명,,,,,,,,,,,,,,,,,,,
금천구-쌈지공원-1,쌈지공원,,서울특별시 금천구 독산동 189-34,,서울특별시 금천구 독산로76길 48,126.9038889,37.47083333,공원명,,,,,,,,,,,,,,,,,,,
한강사업본부-한강시민공원(잠실지구)-7,한강시민공원(잠실지구),1.17E+18,서울특별시 송파구 잠실동 1-1,,서울특별시 송파구 한가람로 65,127.0824547,37.5181742,공원명,,,,,,,,,,,,,,,,,,,
강남구-대치근린공원-1,대치근린공원,1.17E+18,서울특별시 강남구 대치동 511,,서울특별시 강남구 삼성로 150,127.0696667,37.49544444,공원명,,,,,,,,,,,,,,,,,,,
도봉구-소망어린이공원-1,소망어린이공원,1.13E+18,서울특별시 도봉구 방학동 694-8,,서울특별시 도봉구 방학로6길 17,127.0368889,37.66352778,공원명,,,,,,,,,,,,,,,,,,,
관악구-미도 어린이공원-1,미도 어린이공원,,서울특별시 관악구 신림동 675-97,,서울특별시 관악구 난향길 74,126.9153611,37.46291667,공원명,,,,,,,,,,,,,,,,,,,
중랑구-양지어린이공원-1,양지어린이공원,,서울특별시 중랑구 면목동 97-40,,서울특별시 중랑구 면목로78길 33,127.0890833,37.59044444,공원명,,,,,,,,,,,,,,,,,,,
서초구-고인돌공원-1,고인돌근린공원,1.17E+18,서울특별시 서초구 양재동 390,,서울특별시 서초구 동산로12길 13-16,127.0466167,37.47134936,공원명,,,,,,,,,,,,,,,,,,,
한강사업본부-한강시민공원(뚝섬지구)-6,한강시민공원(뚝섬지구),1.12E+18,서울특별시 광진구 자양동 558-3,,,127.078,37.52777778,공원명,,,,,,,,,,,,,,,,,,,
강서구-증미산둘레길-1,증미산둘레길,1.15E+18,서울특별시 강서구 가양동 1494-3,,서울특별시 강서구 양천로61길 50,126.8652778,37.55861111,공원명,,,,,,,,,,,,,,,,,,,
한강사업본부-한강시민공원(잠실지구)-8,한강시민공원(잠실지구),1.17E+18,서울특별시 송파구 잠실동 1-1,,서울특별시 송파구 한가람로 65,127.0745235,37.51891656,공원명,,,,,,,,,,,,,,,,,,,
한강사업본부-한강시민공원(잠실지구)-1,한강시민공원(잠실지구),1.17E+18,서울특별시 송파구 잠실동 1-1,,서울특별시 송파구 한가람로 65,127.0743843,37.51852667,공원명,,,,,,,,,,,,,,,,,,,
서초구-양재천근린공원-1,양재천근린공원,1.17E+18,서울특별시 서초구 양재동 261-23,,,127.0439167,37.47905556,공원명,,,,,,,,,,,,,,,,,,,
한강사업본부-한강시민공원(뚝섬지구)-5,한강시민공원(뚝섬지구),1.12E+18,서울특별시 광진구 자양동 410-1,,,127.078,37.52722222,공원명,,,,,,,,,,,,,,,,,,,
관악구-합실 어린이공원-1,합실 어린이공원,,서울특별시 관악구 신림동 1704-3,,서울특별시 관악구 광신길 154,126.9269722,37.46530556,공원명,,,,,,,,,,,,,,,,,,,
강남구-밀미리다리밑-1,밀미리다리밑,1.17E+18,서울특별시 강남구 개포동 1279,,,127.0480368,37.48247764,공원명,,,,,,,,,,,,,,,,,,,
관악구-신라 어린이공원-1,신라 어린이공원,,서울특별시 관악구 신림동 744-18,,서울특별시 관악구 미성8길 3-20,126.91275,37.4735,공원명,,,,,,,,,,,,,,,,,,,
금천구-목화어린이공원-1,목화어린이공원,1.15E+18,서울특별시 금천구 독산동 883-20,,서울특별시 금천구 문성로7가길 20-1,126.9072379,37.47749255,공원명,,,,,,,,,,,,,,,,,,,
도봉구-발바닥공원-1,발바닥공원,,서울특별시 도봉구 방학동 270-1,,서울특별시 도봉구 시루봉로6길 33,127.0294667,37.65944563,공원명,,,,,,,,,,,,,,,,,,,
도봉구-은행나무어린이공원-1,은행나무어린이공원,1.13E+18,서울특별시 도봉구 창동 347,,서울특별시 도봉구 해등로 50,127.0436667,37.64975,공원명,,,,,,,,,,,,,,,,,,,
도봉구-발바닥공원-2,발바닥공원,,서울특별시 도봉구 방학동 270-1,1.13E+21,서울특별시 도봉구 시루봉로6길 33,127.0293809,37.65956021,공원명,,,,,,,,,,,,,,,,,,,
관악구-일삼별공원-1,일삼별공원,1.16E+18,서울특별시 관악구 신림동 산 90-3,,서울특별시 관악구 난곡로16길 32,126.9235159,37.46680411,공원명,,,,,,,,,,,,,,,,,,,
광진구-마을공원-1,중곡3동마을공원,1.12E+18,서울특별시 광진구 중곡동 195-1,,서울특별시 광진구 용마산로33길 25,127.0847222,37.57,공원명,,,,,,,,,,,,,,,,,,,
관악구-관악산게이트볼장-1,관악산게이트볼장,1.16E+18,서울특별시 관악구 신림동 202-1,,,126.9462988,37.45767861,공원명,,,,,,,,,,,,,,,,,,,
강서구-황금내공원-2,황금내공원,1.15E+18,서울특별시 강서구 가양동 1492,,서울특별시 강서구 허준로 221-22,126.8645251,37.56166387,공원명,,,,,,,,,,,,,,,,,,,
중랑구-새싹어린이공원-1,새싹어린이공원,1.13E+18,서울특별시 중랑구 면목동 1545-3,,서울특별시 중랑구 동일로92길 40,127.0834635,37.58195298,공원명,,,,,,,,,,,,,,,,,,,
동부녹지-양재시민의숲-6,양재시민의숲,,서울특별시 서초구 양재동 236,1.17E+21,서울특별시 서초구 매헌로 99,127.0355,37.47222222,공원명,,,,,,,,,,,,,,,,,,,
한강사업본부-한강시민공원(뚝섬지구)-4,한강시민공원(뚝섬지구),1.12E+18,서울특별시 광진구 자양동 564,,,127.0786111,37.52722222,공원명,,,,,,,,,,,,,,,,,,,
서초구-양재천 제방-1,양재천 제방,1.17E+18,서울특별시 서초구 양재동 261-23,,,127.0413178,37.47607684,공원명,,,,,,,,,,,,,,,,,,,
도봉구-밤골어린이공원-1,밤골어린이공원,,서울특별시 도봉구 창동 369,1.13E+21,서울특별시 도봉구 노해로66길 60,127.0457561,37.64870698,공원명,,,,,,,,,,,,,,,,,,,
시설관리공단-어린이대공원-7,어린이대공원,1.12E+18,서울특별시 광진구 능동 18,,서울특별시 광진구 능동로 216,127.0839557,37.54794225,공원명,,,,,,,,,,,,,,,,,,,
구로구-애경어린이공원-1,애경어린이공원,,서울특별시 구로구 구로동 501,,서울특별시 구로구 구로중앙로 134,126.8847222,37.5,공원명,,,,,,,,,,,,,,,,,,,
중랑구-소망어린이공원-1,소망어린이공원,,서울특별시 중랑구 묵동 240-104,,서울특별시 중랑구 동일로163길 47-11,127.0747778,37.61119444,공원명,,,,,,,,,,,,,,,,,,,
서초구-문화예술근린공원-2,문화예술근린공원,,서울특별시 서초구 양재동 200,1.17E+21,서울특별시 서초구 바우뫼로12길 40,127.0315833,37.46927778,공원명,,,,,,,,,,,,,,,,,,,
노원구-한내공원-1,한내공원,,서울특별시 노원구 월계동 3-7,,서울특별시 노원구 마들로 45,127.0699167,37.6205,공원명,,,,,,,,,,,,,,,,,,,
강남구-한티근린공원-1,한티근린공원,1.17E+18,서울특별시 강남구 대치동 208-6,,서울특별시 강남구 삼성로51길 7,127.0619992,37.49616555,공원명,,,,,,,,,,,,,,,,,,,
구로구-구로리어린이공원-1,구로리어린이공원,1.15E+18,서울특별시 구로구 구로동 139-82,,서울특별시 구로구 구로중앙로 13,126.8916667,37.49083333,공원명,,,,,,,,,,,,,,,,,,,
강남구-포이공원-1,출발마당공원,1.17E+18,서울특별시 강남구 개포동 1267-1,,서울특별시 강남구 논현로22길 78,127.0494722,37.48241667,공원명,,,,,,,,,,,,,,,,,,,
한강사업본부-한강시민공원 난지지구-15,한강시민공원 난지지구,1.14E+18,서울특별시 마포구 상암동 496-192,,,126.8643611,37.5745,공원명,,,,,,,,,,,,,,,,,,,
중랑구-중랑천변공원-3,중랑천변공원,1.13E+18,서울특별시 중랑구 묵동 335,,,127.0727778,37.61583333,공원명,,,,,,,,,,,,,,,,,,,
시설관리공단-어린이대공원-4,어린이대공원,1.12E+18,서울특별시 광진구 능동 18,,서울특별시 광진구 능동로 216,127.0841682,37.54635887,공원명,,,,,,,,,,,,,,,,,,,
중랑구-둑방공원-1,둑방공원,1.13E+18,서울특별시 중랑구 면목동 584-41,,서울특별시 중랑구 사가정로41길 30,127.0842222,37.58244444,공원명,,,,,,,,,,,,,,,,,,,
중랑구-수림대공원-1,수림대공원,1.13E+18,서울특별시 중랑구 묵동 344-1,,서울특별시 중랑구 중랑천로 342,127.0732881,37.61528556,공원명,,,,,,,,,,,,,,,,,,,
시설관리공단-어린이대공원-3,어린이대공원,1.12E+18,서울특별시 광진구 능동 18,,서울특별시 광진구 능동로 216,127.0848373,37.54971426,공원명,,,,,,,,,,,,,,,,,,,
노원구-한내공원-2,한내공원,,서울특별시 노원구 월계동 1-1,,서울특별시 노원구 마들로 86,127.0689167,37.62305556,공원명,,,,,,,,,,,,,,,,,,,
동부녹지-양재시민의숲-4,양재시민의숲,,서울특별시 서초구 양재동 236,1.17E+21,서울특별시 서초구 매헌로 99,127.0353889,37.47097222,공원명,,,,,,,,,,,,,,,,,,,
동부녹지-양재시민의숲-2,양재시민의숲,,서울특별시 서초구 양재동 236,1.17E+21,서울특별시 서초구 매헌로 99,127.0353889,37.47097222,공원명,,,,,,,,,,,,,,,,,,,
동부녹지-양재시민의숲-3,양재시민의숲,,서울특별시 서초구 양재동 236,1.17E+21,서울특별시 서초구 매헌로 99,127.0353889,37.47097222,공원명,,,,,,,,,,,,,,,,,,,
서초구-양재천근린공원-2,양재천근린공원,1.17E+18,서울특별시 서초구 양재동 249-2,,서울특별시 서초구 마방로 8,127.0398611,37.47402778,공원명,,,,,,,,,,,,,,,,,,,
관악구-해바라기 어린이공원-1,해바라기 어린이공원,,서울특별시 관악구 신림동 321-12,,서울특별시 관악구 원신길 255,126.9304722,37.46208333,공원명,,,,,,,,,,,,,,,,,,,
동부녹지-양재시민의숲-9,양재시민의숲,,서울특별시 서초구 양재동 236,1.17E+21,서울특별시 서초구 매헌로 99,127.037,37.47186111,공원명,,,,,,,,,,,,,,,,,,,
강남구-늘벗근린공원-1,늘벗근린공원,1.17E+18,서울특별시 강남구 대치동 501,,,127.0575403,37.4897335,공원명,,,,,,,,,,,,,,,,,,,
양천구-안양천체육공원-7,안양천체육공원,1.15E+18,서울특별시 양천구 신정동 871-6,,서울특별시 양천구 안양천로 750,126.8758333,37.51277778,공원명,,,,,,,,,,,,,,,,,,,
광진구-자마장공원-1,자마장공원,,서울특별시 광진구 자양동 630,,서울특별시 광진구 자양로13길 41,127.0821097,37.53437712,공원명,,,,,,,,,,,,,,,,,,,
도봉구-대창어린이공원-1,대창어린이공원,,서울특별시 도봉구 창동 38-5,1.13E+21,서울특별시 도봉구 덕릉로66길 53,127.0521389,37.64433333,공원명,,,,,,,,,,,,,,,,,,,
중랑구-상봉어린이공원-1,상봉어린이공원,1.13E+18,서울특별시 중랑구 상봉동 122-27,,서울특별시 중랑구 동일로114길 30-5,127.0823611,37.59322222,공원명,,,,,,,,,,,,,,,,,,,
중랑구-햇살어린이공원,중랑구-햇살어린이공원,,서울특별시 중랑구 면목동 137-14,,서울특별시 중랑구 봉우재로32길 72,127.083365,37.58997372,상세위치,,,,,,,,,,,,,,,,,,,
도봉구-미화어린이공원-1,미화어린이공원,1.13E+18,서울특별시 도봉구 창동 715-13,,서울특별시 도봉구 도봉로 564,127.039715,37.65497939,공원명,,,,,,,,,,,,,,,,,,,
관악구-관악산맷돌체조장-1,관악산맷돌체조장,1.16E+18,서울특별시 관악구 신림동 산 50-20,,서울특별시 관악구 관악산나들길 149,126.9456991,37.45620207,공원명,,,,,,,,,,,,,,,,,,,
중랑구-면목천로녹지대,중랑구-면목천로녹지대,,서울특별시 중랑구 면목동 1505-9,,서울특별시 중랑구 겸재로27길 7,127.0840024,37.58789386,상세위치,,,,,,,,,,,,,,,,,,,
서초구-문화예술근린공원-1,문화예술근린공원,,서울특별시 서초구 양재동 200,1.17E+21,서울특별시 서초구 바우뫼로12길 40,127.03025,37.46702778,공원명,,,,,,,,,,,,,,,,,,,
강남구-양재천(황톳길)-4,양재천(황톳길),,서울특별시 강남구 대치동 504-4,,,127.0575849,37.48888413,공원명,,,,,,,,,,,,,,,,,,,
동부녹지-양재시민의숲-5,양재시민의숲,,서울특별시 서초구 양재동 236,1.17E+21,서울특별시 서초구 매헌로 99,127.0361389,37.47025,공원명,,,,,,,,,,,,,,,,,,,
동부녹지-양재시민의숲-7,양재시민의숲,,서울특별시 서초구 양재동 236,1.17E+21,서울특별시 서초구 매헌로 99,127.0372222,37.47077778,공원명,,,,,,,,,,,,,,,,,,,
금천구-구룡공원-1,구룡공원,1.15E+18,서울특별시 금천구 독산동 964-2,,서울특별시 금천구 독산로107길 23-1,126.9027778,37.47777778,공원명,,,,,,,,,,,,,,,,,,,
도봉구-발바닥공원-3,발바닥공원,,서울특별시 도봉구 쌍문동 199-1,,서울특별시 도봉구 해등로26길 20,127.0334709,37.66001586,공원명,,,,,,,,,,,,,,,,,,,
도봉구-방학3동가로공원-1,방학3동가로공원,1.13E+18,서울특별시 도봉구 방학동 436-9,,서울특별시 도봉구 시루봉로 139-6,127.0276188,37.66344693,공원명,,,,,,,,,,,,,,,,,,,
시설관리공단-어린이대공원-1,어린이대공원,1.12E+18,서울특별시 광진구 능동 18,,서울특별시 광진구 능동로 216,127.0865278,37.55111111,공원명,,,,,,,,,,,,,,,,,,,
강남구-양재천(황톳길)-1,양재천(황톳길),,서울특별시 강남구 대치동 504-4,,,127.0590183,37.48942355,공원명,,,,,,,,,,,,,,,,,,,
강서구-황금내공원-1,황금내공원,1.15E+18,서울특별시 강서구 가양동 1486,,서울특별시 강서구 허준로 209,126.862,37.562,공원명,,,,,,,,,,,,,,,,,,,
도봉구-발바닥공원-4,발바닥공원,,서울특별시 도봉구 방학동 274,,서울특별시 도봉구 도당로 37,127.0337065,37.66040887,공원명,,,,,,,,,,,,,,,,,,,
동부녹지-양재시민의숲-1,양재시민의숲,,서울특별시 서초구 양재동 236,1.17E+21,서울특별시 서초구 매헌로 99,127.0371389,37.47,공원명,,,,,,,,,,,,,,,,,,,
강서구-등촌생태공원(한마음어린이공원)-1,등촌생태공원(한마음어린이공원),,서울특별시 강서구 등촌동 690-2,,서울특별시 강서구 강서로56나길 34,126.8430556,37.56083333,공원명,,,,,,,,,,,,,,,,,,,
구로구-덕의근린공원-1,덕의근린공원,1.15E+18,서울특별시 구로구 고척동 219-3,,서울특별시 구로구 중앙로15길 73,126.8560062,37.50687668,공원명,,,,,,,,,,,,,,,,,,,
금천-도하소공원-1,금천-도하소공원-1,1.15E+18,서울특별시 금천구 독산동 1149,,서울특별시 금천구 벚꽃로 40,126.8954104,37.45875947,공원,,,,,,,,,,,,,,,,,,,
노원구-불암산도시자연공원-2,불암산도시자연공원,1.14E+18,서울특별시 노원구 공릉동 141,,서울특별시 노원구 중계로 36,127.08325,37.63922222,공원명,,,,,,,,,,,,,,,,,,,
서초구-세원공원-1,세원어린이공원,1.17E+18,서울특별시 서초구 신원동 500-7,,서울특별시 서초구 청계산로 91,127.0499444,37.45569444,공원명,,,,,,,,,,,,,,,,,,,
강서구-우장근린공원-1,우장근린공원,1.15E+18,서울특별시 강서구 내발산동 산 19-1,,서울특별시 강서구 우장산로 66,126.8430556,37.55388889,공원명,,,,,,,,,,,,,,,,,,,
중랑구-돌산체육공원-1,돌산체육공원,,서울특별시 중랑구 망우동 산 69-508,,,127.104,37.59169444,공원명,,,,,,,,,,,,,,,,,,,
강서구-구름어린이공원-1,구름어린이공원,1.15E+18,서울특별시 강서구 화곡동 98-22,,서울특별시 강서구 초록마을로4길 32-1,126.8440479,37.54327939,공원명,,,,,,,,,,,,,,,,,,,
노원구-불암산도시자연공원-1,불암산도시자연공원,1.14E+18,서울특별시 노원구 공릉동 141,,서울특별시 노원구 중계로 36,127.0840833,37.63894444,공원명,,,,,,,,,,,,,,,,,,,
강남구-한솔공원-1,한솔공원,1.17E+18,서울특별시 강남구 일원동 731,,서울특별시 강남구 광평로10길 6,127.0779167,37.48097222,공원명,,,,,,,,,,,,,,,,,,,
송파구-삼전공원-1,삼전공원,1.17E+18,서울특별시 송파구 삼전동 60-12,,서울특별시 송파구 백제고분로28길 10,127.092,37.50222222,공원명,,,,,,,,,,,,,,,,,,,
금천-금나래중앙공원-1,금천-금나래중앙공원-1,1.15E+18,서울특별시 금천구 독산동 1151,,서울특별시 금천구 시흥대로79길 53,126.895242,37.457873,공원,,,,,,,,,,,,,,,,,,,
강남구-일원목련공원-1,일원목련공원,1.17E+18,서울특별시 강남구 일원동 653,,서울특별시 강남구 양재대로47길 20,127.08575,37.4915,공원명,,,,,,,,,,,,,,,,,,,
금천구-안양천(금천교하부)-1,안양천(금천교하부),1.15E+18,서울특별시 금천구 가산동 707,,,126.8855556,37.46555556,공원명,,,,,,,,,,,,,,,,,,,
양천구-장수공원-1,장수공원,1.15E+18,서울특별시 양천구 신월동 893,,서울특별시 양천구 오목로 100-6,126.8483213,37.52278165,공원명,,,,,,,,,,,,,,,,,,,
강서구-까치산공원-1,까치산공원,,서울특별시 강서구 화곡동 105-467,1.15E+21,서울특별시 강서구 까치산로2길 89-8,126.8444444,37.53722222,공원명,,,,,,,,,,,,,,,,,,,
노원구-구화랑대역철도공원-1,구화랑대역철도공원,1.14E+18,서울특별시 노원구 공릉동 29-4,,서울특별시 노원구 화랑로 608,127.0933347,37.62446779,공원명,,,,,,,,,,,,,,,,,,,
양천구-사슴어린이공원,양천구-사슴어린이공원,,서울특별시 양천구 신정동 1195,,서울특별시 양천구 중앙로29길 108-15,126.8485253,37.52176425,상세주소,,,,,,,,,,,,,,,,,,,
노원구-이화어린이공원-1,이화어린이공원,,서울특별시 노원구 중계동 363-8,,서울특별시 노원구 한글비석로8길 42,127.0791853,37.64678042,공원명,,,,,,,,,,,,,,,,,,,
금천구-안양천(금천교하부)-2,안양천(금천교하부),1.15E+18,서울특별시 금천구 독산동 668-24,,,126.8869444,37.46388889,공원명,,,,,,,,,,,,,,,,,,,
금천-방수설비잔디광장-1,금천-방수설비잔디광장-1,1.15E+18,서울특별시 금천구 시흥동 412-5,,,126.9113176,37.44693805,공원,,,,,,,,,,,,,,,,,,,
중랑구-갓바위어린이공원-1,갓바위어린이공원,1.13E+18,서울특별시 중랑구 망우동 155-25,,서울특별시 중랑구 용마산로112길 53-4,127.1034137,37.59907518,공원명,,,,,,,,,,,,,,,,,,,
구로구-능골어린이공원-1,능골어린이공원,1.15E+18,서울특별시 구로구 고척동 166-3,,서울특별시 구로구 고척로51길 46,126.8542241,37.50689399,공원명,,,,,,,,,,,,,,,,,,,
노원구-햇빛공원-1,햇빛공원,,서울특별시 노원구 상계동 647,,서울특별시 노원구 한글비석로 530,127.0603056,37.66663889,공원명,,,,,,,,,,,,,,,,,,,
금천구-별장길공원-1,별장길공원,,서울특별시 금천구 시흥동 931-3,,서울특별시 금천구 독산로8다길 18,126.9086111,37.44805556,공원명,,,,,,,,,,,,,,,,,,,
중랑구-방죽어린이공원-1,방죽어린이공원,,서울특별시 중랑구 망우동 349-19,,서울특별시 중랑구 망우로67가길 23,127.1026667,37.60255556,공원명,,,,,,,,,,,,,,,,,,,
금천-금나래중앙공원-2,금천-금나래중앙공원-2,1.15E+18,서울특별시 금천구 독산동 1151,,서울특별시 금천구 시흥대로79길 53,126.8942328,37.45745122,공원,,,,,,,,,,,,,,,,,,,
구로구-목감천-1,목감천,1.15E+18,서울특별시 구로구 개봉동 372-1,,서울특별시 구로구 개봉로20길 158,126.8624553,37.49092167,공원명,,,,,,,,,,,,,,,,,,,
서울대공원-서울대공원-58,서울대공원,,경기도 과천시 막계동 890-1,,,127.0164722,37.42563889,공원명,,,,,,,,,,,,,,,,,,,
송파구-삼학사어린이공원-1,삼학사어린이공원,1.17E+18,서울특별시 송파구 삼전동 110-7,,서울특별시 송파구 백제고분로27길 40-24,127.0956152,37.5061508,공원명,,,,,,,,,,,,,,,,,,,
서울대공원-서울대공원-49,서울대공원,,경기도 과천시 막계동 산 9-1,,,127.0137396,37.43579724,공원명,,,,,,,,,,,,,,,,,,,
노원구-개나리어린이공원-1,개나리어린이공원,,서울특별시 노원구 상계동 626,,서울특별시 노원구 동일로228길 23,127.0583333,37.66925,공원명,,,,,,,,,,,,,,,,,,,
서울대공원-서울대공원-1,서울대공원,,경기도 과천시 막계동 394-1,,경기도 과천시 대공원광장로 80,127.0111111,37.43452778,공원명,,,,,,,,,,,,,,,,,,,
송파구-삼밭공원-1,삼밭공원,1.17E+18,서울특별시 송파구 삼전동 67-17,,서울특별시 송파구 백제고분로28길 35-27,127.0928226,37.4995162,공원명,,,,,,,,,,,,,,,,,,,
송파구-송파나루공원-5,송파나루공원,1.17E+18,서울특별시 송파구 잠실동 47,,서울특별시 송파구 삼학사로 136,127.0977843,37.50938507,공원명,,,,,,,,,,,,,,,,,,,
중랑구-망우어린이공원-1,망우어린이공원,1.13E+18,서울특별시 중랑구 망우동 583,,서울특별시 중랑구 망우로75길 19,127.1039444,37.60225,공원명,,,,,,,,,,,,,,,,,,,
서울대공원-서울대공원-50,서울대공원,,경기도 과천시 막계동 269-4,,경기도 과천시 대공원광장로 80,127.0113333,37.43447222,공원명,,,,,,,,,,,,,,,,,,,
한강사업본부-한강시민공원(잠실지구)-2,한강시민공원(잠실지구),1.17E+18,서울특별시 송파구 신천동 257-1,,,127.1041454,37.52612225,공원명,,,,,,,,,,,,,,,,,,,
구로구-고척근린공원-3,고척근린공원,,서울특별시 구로구 고척동 산 9-14,,서울특별시 구로구 고척로45길 39,126.8527778,37.50611111,공원명,,,,,,,,,,,,,,,,,,,
송파구-송파나루공원-4,송파나루공원,1.17E+18,서울특별시 송파구 잠실동 47,,서울특별시 송파구 삼학사로 136,127.0980206,37.50910871,공원명,,,,,,,,,,,,,,,,,,,
강서구-궁산공원-2,궁산공원,,서울특별시 강서구 가양동 산 4-7,,,126.8400265,37.57441638,공원명,,,,,,,,,,,,,,,,,,,
금천구-독산근린공원-1,독산근린공원,,서울특별시 금천구 독산동 1086,,,126.8847222,37.46333333,공원명,,,,,,,,,,,,,,,,,,,
금천-독산근린공원-1,금천-독산근린공원-1,1.15E+18,서울특별시 금천구 독산동 1086,,경기도 광명시 하안로 284,126.8837815,37.46403615,공원,,,,,,,,,,,,,,,,,,,
금천구-산기슭공원-1,산기슭공원,,서울특별시 금천구 시흥동 산 138-3,,서울특별시 금천구 독산로54길 6,126.9074187,37.46355169,공원명,,,,,,,,,,,,,,,,,,,
중랑구-섬들어린이공원-1,섬들어린이공원,1.13E+18,서울특별시 중랑구 면목동 87-50,,서울특별시 중랑구 상봉로15가길 9,127.0926667,37.59155556,공원명,,,,,,,,,,,,,,,,,,,
강서구-공암나루공원-5,공암나루공원,,서울특별시 강서구 가양동 1471,,서울특별시 강서구 허준로5길 42,126.8536111,37.5675,공원명,,,,,,,,,,,,,,,,,,,
중랑구-사가정공원-1,사가정공원,,서울특별시 중랑구 면목동 산 50-16,,,127.0948333,37.58008333,공원명,,,,,,,,,,,,,,,,,,,
구로구-안양천둔치공원-5,안양천둔치공원,1.15E+18,서울특별시 구로구 구로동 621-8,,,126.8716667,37.50027778,공원명,,,,,,,,,,,,,,,,,,,
구로구-안양천둔치공원-1,안양천둔치공원,1.15E+18,서울특별시 구로구 구로동 621-8,,,126.871673,37.50022345,공원명,,,,,,,,,,,,,,,,,,,
금천구-골말어린이공원-1,골말어린이공원,1.15E+18,서울특별시 금천구 가산동 602-71,,서울특별시 금천구 벚꽃로38길 35,126.8845971,37.48281422,공원명,,,,,,,,,,,,,,,,,,,
광진구-긴고랑등산로입구-2,긴고랑등산로입구,1.12E+18,서울특별시 광진구 중곡동 143-146,,,127.0961148,37.56301677,공원명,,,,,,,,,,,,,,,,,,,
한강사업본부-한강시민공원(잠실지구)-6,한강시민공원(잠실지구),1.17E+18,서울특별시 송파구 잠실동 1-1,,서울특별시 송파구 한가람로 65,127.087231,37.51852224,공원명,,,,,,,,,,,,,,,,,,,
금천구-두산공원-1,두산공원,,서울특별시 금천구 독산동 298-1,,서울특별시 금천구 시흥대로123길 91,126.8941247,37.47321219,공원명,,,,,,,,,,,,,,,,,,,
광진구-긴고랑등산로입구-1,긴고랑등산로입구,1.12E+18,서울특별시 광진구 중곡동 143-146,,서울특별시 광진구 긴고랑로 214,127.0961889,37.56239622,공원명,,,,,,,,,,,,,,,,,,,
중랑구-신현어린이공원-1,신현어린이공원,,서울특별시 중랑구 상봉동 484,,서울특별시 중랑구 봉화산로 130,127.0897222,37.60344444,공원명,,,,,,,,,,,,,,,,,,,
금천구-무아래공원-1,무아래공원,1.15E+18,서울특별시 금천구 가산동 234-31,,서울특별시 금천구 가산로5길 29,126.893244,37.47339019,공원명,,,,,,,,,,,,,,,,,,,
금천구-무궁화공원-1,무궁화공원,,서울특별시 금천구 독산동 378-292,,서울특별시 금천구 독산로58나길 4,126.9044444,37.46444444,공원명,,,,,,,,,,,,,,,,,,,
강서구-구암공원-2,구암공원,,서울특별시 강서구 가양동 1471,,서울특별시 강서구 허준로5길 42,126.8527778,37.56777778,공원명,,,,,,,,,,,,,,,,,,,
한강사업본부-한강시민공원(뚝섬지구)-1,한강시민공원(뚝섬지구),1.12E+18,서울특별시 광진구 자양동 562,,,127.092,37.53055556,공원명,,,,,,,,,,,,,,,,,,,
광진구-아차산공원-2,아차산공원,1.12E+18,서울특별시 광진구 구의동 38-4,,서울특별시 광진구 천호대로 731,127.0959444,37.54877778,공원명,,,,,,,,,,,,,,,,,,,
중랑구-사가정공원-2,사가정공원,1.13E+18,서울특별시 중랑구 면목동 산 50-23,,서울특별시 중랑구 사가정로72길 47,127.0961323,37.57968505,공원명,,,,,,,,,,,,,,,,,,,
강서구-구암공원-1,구암공원,,서울특별시 강서구 가양동 1471,,서울특별시 강서구 허준로5길 42,126.8522222,37.56861111,공원명,,,,,,,,,,,,,,,,,,,
강서구-공암나루공원-1,공암나루공원,,서울특별시 강서구 가양동 26-27,,서울특별시 강서구 허준로 91,126.852,37.56805556,공원명,,,,,,,,,,,,,,,,,,,
한강사업본부-한강시민공원(잠실지구)-5,한강시민공원(잠실지구),1.17E+18,서울특별시 송파구 잠실동 1-1,,서울특별시 송파구 한가람로 65,127.0891667,37.51888889,공원명,,,,,,,,,,,,,,,,,,,
광진구-구의공원-1,구의공원,1.12E+18,서울특별시 광진구 구의동 611,,서울특별시 광진구 광나루로56길 32,127.0948333,37.53705556,공원명,,,,,,,,,,,,,,,,,,,
한강사업본부-한강시민공원-1,한강시민공원,1.15E+18,서울특별시 강서구 가양동 439-1,,,126.8516667,37.57,공원명,,,,,,,,,,,,,,,,,,,
송파구-쌀섬어린이공원-1,쌀섬어린이공원,,서울특별시 송파구 잠실동 319,,서울특별시 송파구 백제고분로18길 20-36,127.0823805,37.50406317,공원명,,,,,,,,,,,,,,,,,,,
중랑구-달동산어린이공원-1,달동산어린이공원,,서울특별시 중랑구 망우동 529-37,,서울특별시 중랑구 상봉로16가길 4,127.0949722,37.59222222,공원명,,,,,,,,,,,,,,,,,,,
송파구-잠실근린공원-1,잠실근린공원,1.17E+18,서울특별시 송파구 잠실동 268,,서울특별시 송파구 백제고분로 147-2,127.0836111,37.50583333,공원명,,,,,,,,,,,,,,,,,,,
광진구-아차산공원-3,아차산공원,1.12E+18,서울특별시 광진구 구의동 38-4,,서울특별시 광진구 천호대로 731,127.0972222,37.54811111,공원명,,,,,,,,,,,,,,,,,,,
중랑구-옹기테마공원,중랑구-옹기테마공원,,서울특별시 중랑구 신내동 777,,서울특별시 중랑구 신내로21길 116,127.0883395,37.61275465,상세위치,,,,,,,,,,,,,,,,,,,
도봉구-무궁화어린이공원-1,무궁화어린이공원,1.13E+18,서울특별시 도봉구 방학동 655-28,,서울특별시 도봉구 도당로31길 15-3,127.0421389,37.66783333,공원명,,,,,,,,,,,,,,,,,,,
금천구-송록어린이공원-1,송록어린이공원,1.15E+18,서울특별시 금천구 시흥동 791-35,,서울특별시 금천구 독산로44길 19,126.9060804,37.46119017,공원명,,,,,,,,,,,,,,,,,,,
중랑구-옹기테마공원-1,옹기테마공원,,서울특별시 중랑구 신내동 777,1.13E+21,서울특별시 중랑구 신내로21길 116,127.0885556,37.61261111,공원명,,,,,,,,,,,,,,,,,,,
중랑구-소파어린이공원-1,소파어린이공원,,서울특별시 중랑구 면목동 20-23,,서울특별시 중랑구 겸재로64길 21,127.0958611,37.58938889,공원명,,,,,,,,,,,,,,,,,,,
노원구-골마을근린공원-1,골마을근린공원,1.14E+18,서울특별시 노원구 하계동 251-8,,서울특별시 노원구 한글비석로 97,127.0737338,37.63867922,공원명,,,,,,,,,,,,,,,,,,,
중랑구-햇님어린이공원,중랑구-햇님어린이공원,,서울특별시 중랑구 망우동 474-11,,서울특별시 중랑구 봉우재로58길 16-5,127.0951679,37.59359675,상세위치,,,,,,,,,,,,,,,,,,,
광진구-아차산공원-1,아차산공원,1.12E+18,서울특별시 광진구 광장동 380-3,,,127.09775,37.54838889,공원명,,,,,,,,,,,,,,,,,,,
강서구-무궁화공원-1,무궁화공원,,서울특별시 강서구 화곡동 29-230,,서울특별시 강서구 까치산로18길 61,126.8519444,37.54583333,공원명,,,,,,,,,,,,,,,,,,,
중랑구-신내공원-2,신내공원,,서울특별시 중랑구 신내동 771-1,,서울특별시 중랑구 신내로15길 175,127.0884722,37.61441667,공원명,,,,,,,,,,,,,,,,,,,
강서구-봉제산공원-2,봉제산공원,,서울특별시 강서구 화곡동 산 41-6,,,126.8520258,37.54227337,공원명,,,,,,,,,,,,,,,,,,,
강남구-대진공원-1,대진공원,,서울특별시 강남구 개포동 13-2,1.17E+21,서울특별시 강남구 개포로 623-1,127.0786389,37.49527778,공원명,,,,,,,,,,,,,,,,,,,
광진구-광진숲나루-1,광진숲나루,1.12E+18,서울특별시 광진구 구의동 178-7,,,127.0982198,37.54687172,공원명,,,,,,,,,,,,,,,,,,,
구로구-안양천둔치공원-2,안양천둔치공원,1.15E+18,서울특별시 구로구 구로동 642-71,,,126.870877,37.49497559,공원명,,,,,,,,,,,,,,,,,,,
노원구-가재울근린공원-1,가재울근린공원,,서울특별시 노원구 중계동 515-1,,서울특별시 노원구 덕릉로 541,127.0663985,37.64875536,공원명,,,,,,,,,,,,,,,,,,,
중랑구-신내공원-1,신내공원,,서울특별시 중랑구 신내동 779-3,,서울특별시 중랑구 신내로15길 143,127.08925,37.61405556,공원명,,,,,,,,,,,,,,,,,,,
도봉구-금성윗돌공원-1,금성윗돌공원,1.13E+18,서울특별시 도봉구 방학동 717-2,,서울특별시 도봉구 도봉로150다길 28,127.0447678,37.66762219,공원명,,,,,,,,,,,,,,,,,,,
노원구-국화어린이공원-1,국화어린이공원,,서울특별시 노원구 하계동 252-13,,서울특별시 노원구 공릉로58마길 1,127.0761944,37.63705556,공원명,,,,,,,,,,,,,,,,,,,
노원구-엄지어린이공원-1,엄지어린이공원,,서울특별시 노원구 상계동 721,,서울특별시 노원구 동일로216길 47,127.0629747,37.65269509,공원명,,,,,,,,,,,,,,,,,,,
금천구-무지개공원-1,무지개공원,,서울특별시 금천구 독산동 1063-14,,서울특별시 금천구 시흥대로90길 60-3,126.9010431,37.46294493,공원명,,,,,,,,,,,,,,,,,,,
송파구-새마을어린이공원-1,새마을어린이공원,1.17E+18,서울특별시 송파구 잠실동 241,,서울특별시 송파구 백제고분로19길 27-26,127.0866667,37.50805556,공원명,,,,,,,,,,,,,,,,,,,
노원구-용화어린이공원-1,노원구-용화어린이공원-1,1.14E+18,서울특별시 노원구 상계동 695-1,,서울특별시 노원구 동일로221길 27,127.056761,37.65910476,공원명,,,,,,,,,,,,,,,,,,,
광진구-광진교-1,광진교,1.17E+18,서울특별시 강동구 천호동 527-2,,,127.1120833,37.54505556,공원명,,,,,,,,,,,,,,,,,,,
강서구-봉제산공원-1,봉제산공원,,서울특별시 강서구 화곡동 산 41-6,,서울특별시 강서구 초록마을로 69-9,126.8511111,37.54194444,공원명,,,,,,,,,,,,,,,,,,,
노원구-공릉근린공원-1,노원구-공릉근린공원-1,,서울특별시 노원구 공릉동 63,,서울특별시 노원구 화랑로 540,127.0868723,37.62074651,공원명,,,,,,,,,,,,,,,,,,,
한강사업본부-한강시민공원(잠실지구)-4,한강시민공원(잠실지구),1.17E+18,서울특별시 송파구 잠실동 1-1,,서울특별시 송파구 한가람로 65,127.0921461,37.51937532,공원명,,,,,,,,,,,,,,,,,,,
금천구-독산마을마당-1,독산마을마당,,서울특별시 금천구 독산동 1056-10,,서울특별시 금천구 시흥대로98길 17,126.8991667,37.46361111,공원명,,,,,,,,,,,,,,,,,,,
중랑구-봉화산공원-2,봉화산공원,,서울특별시 중랑구 신내동 661,,서울특별시 중랑구 봉화산로 193,127.09275,37.60747222,공원명,,,,,,,,,,,,,,,,,,,
강서구-하마터공원-2,하마터공원,,서울특별시 강서구 화곡동 883-3,,서울특별시 강서구 곰달래로36길 22,126.8536111,37.53,공원명,,,,,,,,,,,,,,,,,,,
강서구-하마터공원-1,하마터공원,,서울특별시 강서구 화곡동 883-3,,서울특별시 강서구 곰달래로36길 22,126.8536111,37.53,공원명,,,,,,,,,,,,,,,,,,,
강서구-산새어린이공원-1,산새어린이공원,,서울특별시 강서구 화곡동 772-1,,서울특별시 강서구 까치산로18나길 37-9,126.85,37.54611111,공원명,,,,,,,,,,,,,,,,,,,
중랑구-용마도시공원-1,용마도시공원,,서울특별시 중랑구 면목동 산 19,,,127.0985556,37.58794444,공원명,,,,,,,,,,,,,,,,,,,
중랑구-봉화산자연체험공원-1,봉화산자연체험공원,1.13E+18,서울특별시 중랑구 신내동 산 127-2,,서울특별시 중랑구 봉화산로45길 115,127.0927984,37.6085302,공원명,,,,,,,,,,,,,,,,,,,
강서구-공암나루공원-4,공암나루공원,,서울특별시 강서구 가양동 1461,,서울특별시 강서구 허준로 47,126.8486111,37.57055556,공원명,,,,,,,,,,,,,,,,,,,
강서구-공암나루공원-3,공암나루공원,,서울특별시 강서구 가양동 1461,,서울특별시 강서구 허준로 47,126.8486111,37.57055556,공원명,,,,,,,,,,,,,,,,,,,
강서구-공암나루공원-2,공암나루공원,,서울특별시 강서구 가양동 1461,,서울특별시 강서구 허준로 47,126.8486111,37.57055556,공원명,,,,,,,,,,,,,,,,,,,
중랑구-등나무어린이공원-1,등나무어린이공원,,서울특별시 중랑구 망우동 492-36,,서울특별시 중랑구 용마산로115가길 31-5,127.0967488,37.59767129,공원명,,,,,,,,,,,,,,,,,,,
도봉구-해태어린이공원-1,해태어린이공원,1.13E+18,서울특별시 도봉구 도봉동 613-8,,서울특별시 도봉구 시루봉로27가길 21,127.0411944,37.67197222,공원명,,,,,,,,,,,,,,,,,,,
노원구-물보라어린이공원-1,물보라어린이공원,,서울특별시 노원구 상계동 751-1,,서울특별시 노원구 동일로214길 21,127.0668522,37.65115684,공원명,,,,,,,,,,,,,,,,,,,
중랑구-옹기터 마을마당-1,옹기터 마을마당,1.13E+18,서울특별시 중랑구 신내동 522-1,,서울특별시 중랑구 신내로7길 6,127.0954444,37.60291667,공원명,,,,,,,,,,,,,,,,,,,
노원구-반디어린이공원-1,반디어린이공원,,서울특별시 노원구 상계동 666,,서울특별시 노원구 노원로 564,127.05425,37.66291667,공원명,,,,,,,,,,,,,,,,,,,
송파구-진달래공원-1,진달래공원,1.17E+18,서울특별시 송파구 잠실동 339-2,,서울특별시 송파구 백제고분로20길 13-8,127.0863889,37.50361111,공원명,,,,,,,,,,,,,,,,,,,
중랑구-꽃동산어린이공원-1,꽃동산어린이공원,,서울특별시 중랑구 망우동 442-2,,서울특별시 중랑구 용마산로96가길 25,127.0988333,37.59141667,공원명,,,,,,,,,,,,,,,,,,,
강서구-안골공원-1,안골공원,,서울특별시 강서구 화곡동 155-22,,서울특별시 강서구 강서로18아길 7,126.8508333,37.53555556,공원명,,,,,,,,,,,,,,,,,,,
노원구-한아름어린이 공원 -1,한아름어린이 공원 ,,서울특별시 노원구 상계동 692,,서울특별시 노원구 동일로 1456,127.0612778,37.65755556,공원명,,,,,,,,,,,,,,,,,,,
금천구-느티나무공원-1,느티나무공원,,서울특별시 금천구 시흥동 817-48,,서울특별시 금천구 독산로24가길 20,126.9066667,37.45611111,공원명,,,,,,,,,,,,,,,,,,,
금천-삼성체육공원-1,금천-삼성체육공원-1,1.15E+18,서울특별시 금천구 시흥동 171-1,,서울특별시 금천구 독산로24마길 30,126.9091499,37.45450994,공원,,,,,,,,,,,,,,,,,,,
노원구-꿈동산어린이공원-1,노원구-꿈동산어린이공원-1,1.14E+18,서울특별시 노원구 중계동 361-2,,서울특별시 노원구 노원로22길 34,127.0722326,37.6467505,꿈동산어린이공원,,,,,,,,,,,,,,,,,,,
금천-말뫼마을마당-1,금천-말뫼마을마당-1,,서울특별시 금천구 독산동 1006-42,,서울특별시 금천구 범안로12가길 27,126.8931116,37.46563006,공원,,,,,,,,,,,,,,,,,,,
노원구-청솔어린이공원-1,노원구-청솔어린이공원-1,,서울특별시 노원구 공릉동 110-2,,서울특별시 노원구 화랑로51길 81,127.0877191,37.6241994,청솔어린이공원,,,,,,,,,,,,,,,,,,,
노원구-민들레어린이공원-1,민들레어린이공원,,서울특별시 노원구 상계동 667,,서울특별시 노원구 노원로 564,127.0562823,37.66285745,공원명,,,,,,,,,,,,,,,,,,,
송파구-나루터어린이공원-1,나루터어린이공원,1.17E+18,서울특별시 송파구 삼전동 37-1,,서울특별시 송파구 백제고분로22길 34-33,127.086705,37.50156358,공원명,,,,,,,,,,,,,,,,,,,
한강사업본부-한강시민공원(잠실지구)-3,한강시민공원(잠실지구),1.17E+18,서울특별시 송파구 신천동 1-1,,,127.0958333,37.52083333,공원명,,,,,,,,,,,,,,,,,,,
도봉구-중랑천-1,중랑천,1.13E+18,서울특별시 도봉구 도봉동 641-1,,서울특별시 도봉구 마들로 684-20,127.0482987,37.66967729,공원명,,,,,,,,,,,,,,,,,,,
양천구-신트리근린공원-1,신트리근린공원,,서울특별시 양천구 신정동 310-7,,서울특별시 양천구 목동동로 3,126.8561111,37.51416667,공원명,,,,,,,,,,,,,,,,,,,
강서구-가양동 문화공원-1,가양동 문화공원,,서울특별시 강서구 가양동 58-2,,서울특별시 강서구 양천로 391,126.8458935,37.56621754,공원명,,,,,,,,,,,,,,,,,,,
노원구-갈말공원(참새어린이공원)-1,갈말공원(참새어린이공원),,서울특별시 노원구 상계동 655,,서울특별시 노원구 한글비석로 566,127.054,37.66572222,공원명,,,,,,,,,,,,,,,,,,,
강서구-새말공원-1,새말공원,,서울특별시 강서구 화곡동 994-5,,서울특별시 강서구 화곡로53길 56-10,126.8463889,37.55194444,공원명,,,,,,,,,,,,,,,,,,,
강서구-새말공원-2,새말공원,,서울특별시 강서구 화곡동 994-5,,서울특별시 강서구 화곡로53길 56-10,126.8463889,37.55194444,공원명,,,,,,,,,,,,,,,,,,,
금천구-해태어린이공원-1,해태어린이공원,,서울특별시 금천구 시흥동 871-24,,서울특별시 금천구 독산로41길 77,126.9019244,37.45771249,공원명,,,,,,,,,,,,,,,,,,,
양천구-계남2근린공원-1,계남2근린공원,,서울특별시 양천구 신정동 621,,서울특별시 양천구 중앙로 153,126.8569979,37.51097421,공원명,,,,,,,,,,,,,,,,,,,
노원구-갈말공원(참새어린이공원)-2,갈말공원(참새어린이공원),,서울특별시 노원구 상계동 652-3,,서울특별시 노원구 동일로227길 49,127.0544444,37.66575,공원명,,,,,,,,,,,,,,,,,,,
중랑구-샛별어린이공원-1,샛별어린이공원,,서울특별시 중랑구 망우동 412-1,,서울특별시 중랑구 용마공원로4길 22,127.1006389,37.5935,공원명,,,,,,,,,,,,,,,,,,,
노원구-호돌이어린이공원-1,호돌이어린이공원,,서울특별시 노원구 상계동 624,,서울특별시 노원구 동일로227길 86,127.0509981,37.66862177,공원명,,,,,,,,,,,,,,,,,,,
노원구-상계근린공원-2,상계근린공원,,서울특별시 노원구 상계동 620-1,,서울특별시 노원구 동일로227길 106,127.0505556,37.66902778,공원명,,,,,,,,,,,,,,,,,,,
강남구-대청근린공원-1,대청근린공원,1.17E+18,서울특별시 강남구 일원동 621,,서울특별시 강남구 개포로124길 24,127.0828611,37.49277778,공원명,,,,,,,,,,,,,,,,,,,
노원구-상계근린공원-1,상계근린공원,,서울특별시 노원구 상계동 620-1,,서울특별시 노원구 동일로227길 106,127.0504444,37.66955556,공원명,,,,,,,,,,,,,,,,,,,
중랑구-용마산 가족공원-1,용마산 가족공원,1.13E+18,서울특별시 중랑구 면목동 9-1,,서울특별시 중랑구 용마산로94길 101,127.1026472,37.58883333,공원명,,,,,,,,,,,,,,,,,,,
노원구-양지근린공원-1,양지근린공원,,서울특별시 노원구 중계동 362-1,,서울특별시 노원구 한글비석로5길 62,127.0753611,37.64705556,공원명,,,,,,,,,,,,,,,,,,,
노원구-상계근린공원-3,상계근린공원,,서울특별시 노원구 상계동 620,,,127.0503889,37.67036111,공원명,,,,,,,,,,,,,,,,,,,
중랑구-배밭공원-2,배밭공원,1.13E+18,서울특별시 중랑구 망우동 산 69-203,,서울특별시 중랑구 용마산로96길 79-40,127.1026826,37.58956802,공원명,,,,,,,,,,,,,,,,,,,
노원구-달빛어린이 공원 -1,달빛어린이 공원 ,,서울특별시 노원구 상계동 670,1.14E+21,서울특별시 노원구 노원로 532,127.0599433,37.66306946,공원명,,,,,,,,,,,,,,,,,,,
강서구-우장산(축구)공원-2,우장산(축구)공원,,서울특별시 강서구 화곡동 산 60-1,,서울특별시 강서구 우장산로10길 112,126.8447222,37.55,공원명,,,,,,,,,,,,,,,,,,,
강서구-나들이 어린이 공원-1,나들이 어린이 공원,1.15E+18,서울특별시 강서구 가양동 1459-1,,서울특별시 강서구 허준로 9,126.8441667,37.57194444,공원명,,,,,,,,,,,,,,,,,,,
송파구-삼밭나루어린이공원-1,삼밭나루어린이공원,1.17E+18,서울특별시 송파구 삼전동 95,,서울특별시 송파구 백제고분로23길 15,127.091698,37.5052968,공원명,,,,,,,,,,,,,,,,,,,
강서구-우장산(축구)공원-1,우장산(축구)공원,,서울특별시 강서구 화곡동 산 60-1,,서울특별시 강서구 우장산로10길 112,126.8444444,37.54972222,공원명,,,,,,,,,,,,,,,,,,,
중랑구-배밭공원-1,배밭공원,,서울특별시 중랑구 망우동 113-26,,서울특별시 중랑구 용마산로100길 86-1,127.1032222,37.59,공원명,,,,,,,,,,,,,,,,,,,
구로구-계남3근린공원-1,계남3근린공원,,서울특별시 구로구 고척동 산 6-1,,,126.8555556,37.50916667,공원명,,,,,,,,,,,,,,,,,,,
중랑구-능산공원-1,능산공원,1.13E+18,서울특별시 중랑구 신내동 397,,서울특별시 중랑구 신내로 128,127.0975278,37.61158333,공원명,,,,,,,,,,,,,,,,,,,
중부녹지-캠핑숲공원-6,중랑캠핑숲,,서울특별시 중랑구 망우동 56,,서울특별시 중랑구 송림길 172,127.1106538,37.60643396,공원명,,,,,,,,,,,,,,,,,,,
노원구-늘푸른어린이공원-1,늘푸른어린이공원,,서울특별시 노원구 상계동 1266,,서울특별시 노원구 동일로248길 30,127.0565278,37.68066667,공원명,,,,,,,,,,,,,,,,,,,
구로구-개웅어린이공원-1,개웅어린이공원,,서울특별시 구로구 개봉동 340-8,,서울특별시 구로구 개봉로15길 58-2,126.8530556,37.49,공원명,,,,,,,,,,,,,,,,,,,
송파구-풍납동토성-2,풍납동토성,1.17E+18,서울특별시 송파구 풍납동 199-21,,,127.1144444,37.53555556,공원명,,,,,,,,,,,,,,,,,,,
금천구-까치어린이공원-1,까치어린이공원,1.15E+18,서울특별시 금천구 시흥동 959-2,,서울특별시 금천구 시흥대로16길 20,126.9050444,37.43959961,공원명,,,,,,,,,,,,,,,,,,,
송파구-송파나루공원-9,송파나루공원,1.17E+18,서울특별시 송파구 송파동 58-1,,서울특별시 송파구 석촌호수로 298,127.1076712,37.51198044,공원명,,,,,,,,,,,,,,,,,,,
양천구- 송죽어린이공원,양천구- 송죽어린이공원,,서울특별시 양천구 신월동 65,,서울특별시 양천구 월정로40길 10-1,126.8338891,37.53937739,위치,,,,,,,,,,,,,,,,,,,
한강사업본부-한강공원(광나루)-12,한강공원(광나루),,서울특별시 송파구 풍납동 49-2,,,127.1159708,37.5412545,공원명,,,,,,,,,,,,,,,,,,,
서부녹지-서울식물원-1,서부녹지-서울식물원-1,1.15E+18,서울특별시 강서구 마곡동 812,,,126.8315823,37.56772185,공원,,,,,,,,,,,,,,,,,,,
서울대공원-서울대공원-51,서울대공원,,경기도 과천시 막계동 594,,,127.0184027,37.42781443,공원명,,,,,,,,,,,,,,,,,,,
서초구-청계숲어린이공원-1,청계숲어린이공원,1.17E+18,서울특별시 서초구 신원동 247,,서울특별시 서초구 청계산로11길 14,127.0579167,37.44761111,공원명,,,,,,,,,,,,,,,,,,,
서울대공원-서울대공원-37,서울대공원,,경기도 과천시 막계동 산 59-2,,,127.0240833,37.42972222,공원명,,,,,,,,,,,,,,,,,,,
양천구-넘은들공원-1,넘은들공원,1.15E+18,서울특별시 양천구 신정동 1287-3,,서울특별시 양천구 남부순환로 640,126.8411111,37.5125,공원명,,,,,,,,,,,,,,,,,,,
서울대공원-서울대공원-3,서울대공원,,경기도 과천시 막계동 633,,,127.0166111,37.42713889,공원명,,,,,,,,,,,,,,,,,,,
서울대공원-서울대공원-38,서울대공원,,경기도 과천시 막계동 산 58-1,,,127.0250833,37.42969444,공원명,,,,,,,,,,,,,,,,,,,
서울대공원-서울대공원-35,서울대공원,,경기도 과천시 막계동 산 58-1,,,127.0254167,37.42969444,공원명,,,,,,,,,,,,,,,,,,,
서울대공원-서울대공원-36,서울대공원,,경기도 과천시 막계동 산 58-1,,,127.0255967,37.4296102,공원명,,,,,,,,,,,,,,,,,,,
서울대공원-서울대공원-33,서울대공원,,경기도 과천시 막계동 산 58-1,,,127.0254444,37.42941667,공원명,,,,,,,,,,,,,,,,,,,
서울대공원-서울대공원-31,서울대공원,,경기도 과천시 막계동 652-1,,,127.0193056,37.42716667,공원명,,,,,,,,,,,,,,,,,,,
서울대공원-서울대공원-40,서울대공원,,경기도 과천시 막계동 산 59-2,,,127.0249167,37.42911111,공원명,,,,,,,,,,,,,,,,,,,
서울대공원-서울대공원-34,서울대공원,,경기도 과천시 막계동 산 58-1,,,127.0254722,37.42922222,공원명,,,,,,,,,,,,,,,,,,,
서울대공원-서울대공원-54,서울대공원,,경기도 과천시 막계동 산 111-4,,,127.0134911,37.42529978,공원명,,,,,,,,,,,,,,,,,,,
서울대공원-서울대공원-24,서울대공원,,경기도 과천시 막계동 산 133-24,,,127.0232778,37.42544444,공원명,,,,,,,,,,,,,,,,,,,
금천구-진달래공원-1,진달래공원,,서울특별시 금천구 시흥동 977-1,,서울특별시 금천구 시흥대로2길 24,126.9048702,37.43482826,공원명,,,,,,,,,,,,,,,,,,,
한강사업본부-한강공원(광나루)-5,한강공원(광나루),1.17E+18,서울특별시 강동구 천호동 351-1,,,127.120801,37.54805731,공원명,,,,,,,,,,,,,,,,,,,
서울대공원-서울대공원-48,서울대공원,,경기도 과천시 막계동 681,,,127.0208333,37.42458333,공원명,,,,,,,,,,,,,,,,,,,
한강사업본부-한강공원(광나루)-16,한강공원(광나루),1.17E+18,서울특별시 강동구 천호동 351-1,,,127.1208666,37.54740404,공원명,,,,,,,,,,,,,,,,,,,
서초구-헌인릉공원-1,헌인릉공원,,서울특별시 서초구 내곡동 1-3079,1.17E+21,서울특별시 서초구 헌인릉길 36-10,127.0840278,37.46563889,공원명,,,,,,,,,,,,,,,,,,,
한강사업본부-한강공원(광나루)-8,한강공원(광나루),1.17E+18,서울특별시 강동구 천호동 351-1,,,127.1213889,37.54944444,공원명,,,,,,,,,,,,,,,,,,,
한강사업본부-한강공원(광나루)-4,한강공원(광나루),1.17E+18,서울특별시 강동구 천호동 351-1,,,127.1213872,37.54855043,공원명,,,,,,,,,,,,,,,,,,,
양천구-가로공원-1,가로공원,,서울특별시 양천구 신월동 263,,서울특별시 양천구 가로공원로 124,126.8298268,37.53607215,공원명,,,,,,,,,,,,,,,,,,,
한강사업본부-한강공원(광나루)-7,한강공원(광나루),1.17E+18,서울특별시 강동구 암사동 624-3,,,127.1216667,37.55055556,공원명,,,,,,,,,,,,,,,,,,,
서울주택도시공사-마곡광장-1,마곡광장,,서울특별시 강서구 마곡동 767-2,,서울특별시 강서구 마곡중앙5로 9,126.82709,37.566033,공원명,,,,,,,,,,,,,,,,,,,
서울대공원-서울대공원-6,서울대공원,,경기도 과천시 막계동 732-1,,,127.0210833,37.42391667,공원명,,,,,,,,,,,,,,,,,,,
서울대공원-서울대공원-27,서울대공원,,경기도 과천시 막계동 708-2,,,127.0195,37.42333333,공원명,,,,,,,,,,,,,,,,,,,
양천구-신월근린공원-2,신월근린공원,,서울특별시 양천구 신월동 987-1,,서울특별시 양천구 신월로 99,126.8343124,37.51787004,공원명,,,,,,,,,,,,,,,,,,,
서부녹지-서서울호수공원-1,서서울호수공원,1.15E+18,서울특별시 양천구 신월동 149-20,,서울특별시 양천구 남부순환로64길 26,126.8312158,37.52851548,공원명,,,,,,,,,,,,,,,,,,,
서부녹지-서서울호수공원-4,서서울호수공원,1.15E+18,서울특별시 양천구 신월동 205-35,,서울특별시 양천구 남부순환로58길 33,126.8310805,37.52876709,공원명,,,,,,,,,,,,,,,,,,,
한강사업본부-한강공원(광나루)-1,한강공원(광나루),1.17E+18,서울특별시 강동구 암사동 624-3,,,127.1222203,37.55171235,공원명,,,,,,,,,,,,,,,,,,,
송파구-방이근린공원-1,방이근린공원,1.17E+18,서울특별시 송파구 방이동 52-3,,서울특별시 송파구 백제고분로 495,127.114109,37.51429786,공원명,,,,,,,,,,,,,,,,,,,
한강사업본부-한강공원(광나루)-6,한강공원(광나루),1.17E+18,서울특별시 강동구 암사동 624-2,,,127.1222222,37.55055556,공원명,,,,,,,,,,,,,,,,,,,
송파구-올림픽공원-17,올림픽공원,1.17E+18,서울특별시 송파구 방이동 88,,서울특별시 송파구 올림픽로 448,127.1169444,37.52222222,공원명,,,,,,,,,,,,,,,,,,,
서울대공원-서울대공원-28,서울대공원,,경기도 과천시 막계동 740,,,127.0225537,37.42378186,공원명,,,,,,,,,,,,,,,,,,,
한강사업본부-한강공원(광나루)-3,한강공원(광나루),1.17E+18,서울특별시 강동구 암사동 624-3,,,127.1226721,37.55304103,공원명,,,,,,,,,,,,,,,,,,,
송파구-올림픽공원-12,올림픽공원,1.17E+18,서울특별시 송파구 방이동 88-1,,서울특별시 송파구 올림픽로 424,127.1163889,37.52,공원명,,,,,,,,,,,,,,,,,,,
서울대공원-서울대공원-29,서울대공원,,경기도 과천시 막계동 산 108-11,,,127.0179722,37.42205556,공원명,,,,,,,,,,,,,,,,,,,
송파구-올림픽공원-3,올림픽공원,1.17E+18,서울특별시 송파구 방이동 88,,서울특별시 송파구 올림픽로 448,127.1169444,37.52111111,공원명,,,,,,,,,,,,,,,,,,,
한강사업본부-한강공원(광나루)-2,한강공원(광나루),1.17E+18,서울특별시 강동구 암사동 613-8,,,127.1230979,37.55391896,공원명,,,,,,,,,,,,,,,,,,,
노원구-상계장암지구근린공원-1,노원구-상계장암지구근린공원-1,1.14E+18,서울특별시 노원구 상계동 1311-2,,서울특별시 노원구 동일로 1794,127.0557485,37.68899222,공원명,,,,,,,,,,,,,,,,,,,
서울대공원-서울대공원-30,서울대공원,,경기도 과천시 막계동 716-2,,,127.0196667,37.42219444,공원명,,,,,,,,,,,,,,,,,,,
서울대공원-서울대공원-59,서울대공원,,경기도 과천시 막계동 780-2,,,127.0214444,37.42252778,공원명,,,,,,,,,,,,,,,,,,,
구로구-개웅산근린공원-1,개웅산근린공원,1.15E+18,서울특별시 구로구 개봉동 298-1,,서울특별시 구로구 개봉로3길 108-42,126.8480556,37.485,공원명,,,,,,,,,,,,,,,,,,,
서부녹지-서서울호수공원-5,서서울호수공원,1.15E+18,서울특별시 양천구 신월동 149-20,,서울특별시 양천구 남부순환로64길 26,126.8296506,37.5285697,공원명,,,,,,,,,,,,,,,,,,,
서울대공원-서울대공원-7,서울대공원,,경기도 과천시 막계동 761,,,127.0231111,37.42286111,공원명,,,,,,,,,,,,,,,,,,,
양천구-양지근린공원,양천구-양지근린공원,,서울특별시 양천구 신월동 936,,서울특별시 양천구 지양로13길 11,126.8310735,37.52258931,양지근린공원,,,,,,,,,,,,,,,,,,,
송파구-올림픽공원-8,올림픽공원,1.17E+18,서울특별시 송파구 방이동 88,,서울특별시 송파구 올림픽로 424,127.1169444,37.518,공원명,,,,,,,,,,,,,,,,,,,
강동구-광진어린이공원-1,광진어린이공원,1.17E+18,서울특별시 강동구 천호동 339-1,,서울특별시 강동구 구천면로13길 26,127.1227778,37.54305556,공원명,,,,,,,,,,,,,,,,,,,
송파구-어사어린이공원-1,어사어린이공원,,서울특별시 송파구 송파동 129,,서울특별시 송파구 백제고분로44길 13-25,127.1130965,37.50711747,공원명,,,,,,,,,,,,,,,,,,,
강서구-발산근린공원-1,발산근린공원,1.15E+18,서울특별시 강서구 내발산동 740,,서울특별시 강서구 수명로1길 131,126.8252778,37.55444444,공원명,,,,,,,,,,,,,,,,,,,
양천구-신월근린공원-1,신월근린공원,,서울특별시 양천구 신월동 987-1,,서울특별시 양천구 신월로 99,126.832,37.51805556,공원명,,,,,,,,,,,,,,,,,,,
서울대공원-서울대공원-17,서울대공원,,경기도 과천시 막계동 754-2,,,127.0244773,37.42252319,공원명,,,,,,,,,,,,,,,,,,,
송파구-새싹어린이공원-1,새싹어린이공원,1.17E+18,서울특별시 송파구 송파동 110-20,,서울특별시 송파구 가락로23길 14-21,127.1127778,37.50472222,공원명,,,,,,,,,,,,,,,,,,,
서울대공원-서울대공원-23,서울대공원,,경기도 과천시 막계동 747,,,127.0266667,37.42294444,공원명,,,,,,,,,,,,,,,,,,,
서울대공원-서울대공원-21,서울대공원,,경기도 과천시 막계동 827,,,127.0217526,37.420901,공원명,,,,,,,,,,,,,,,,,,,
서부녹지-서서울호수공원-6,서서울호수공원,1.15E+18,서울특별시 양천구 신월동 149-20,,서울특별시 양천구 남부순환로64길 26,126.8284282,37.5273189,공원명,,,,,,,,,,,,,,,,,,,
서울대공원-서울대공원-20,서울대공원,,경기도 과천시 막계동 829-1,,,127.0218223,37.42061059,공원명,,,,,,,,,,,,,,,,,,,
서울대공원-서울대공원-53,서울대공원,,경기도 과천시 막계동 산 111-4,,,127.0134573,37.42528161,공원명,,,,,,,,,,,,,,,,,,,
도봉구-도봉산역만남의광장-1,도봉산역만남의광장,,서울특별시 도봉구 도봉동 38-3,,서울특별시 도봉구 도봉로 964-40,127.0465,37.68919444,공원명,,,,,,,,,,,,,,,,,,,
노원구-불암어린이공원-1,불암어린이공원,,서울특별시 노원구 상계동 1275-4,,서울특별시 노원구 덕릉로94가길 20,127.0787124,37.66427142,공원명,,,,,,,,,,,,,,,,,,,
서울대공원-서울대공원-41,서울대공원,,경기도 과천시 막계동 산 59-2,,,127.0249722,37.42877778,공원명,,,,,,,,,,,,,,,,,,,
중부녹지-캠핑숲공원-2,중랑캠핑숲,,서울특별시 중랑구 망우동 73-8,,,127.1131641,37.60519376,공원명,,,,,,,,,,,,,,,,,,,
금천-박미사랑소공원-1,금천-박미사랑소공원-1,1.15E+18,서울특별시 금천구 시흥동 963-1,,서울특별시 금천구 시흥대로 46,126.9045424,37.43772824,공원,,,,,,,,,,,,,,,,,,,
서울대공원-서울대공원-32,서울대공원,,경기도 과천시 막계동 산 59-2,,,127.0253333,37.42866667,공원명,,,,,,,,,,,,,,,,,,,
강서구-수명산근린공원-1,수명산근린공원,,서울특별시 강서구 내발산동 692-8,1.15E+21,서울특별시 강서구 강서로47바길 52,126.8305556,37.55111111,공원명,,,,,,,,,,,,,,,,,,,
중부녹지-서울창포원-1,서울창포원,,서울특별시 도봉구 도봉동 4-1,1.13E+21,서울특별시 도봉구 마들로 916,127.0471466,37.68945485,공원명,,,,,,,,,,,,,,,,,,,
송파구-풍납동토성-3,풍납동토성,1.17E+18,서울특별시 송파구 풍납동 172,,서울특별시 송파구 풍성로15길 16,127.1166667,37.53583333,공원명,,,,,,,,,,,,,,,,,,,
송파구-방잇골어린이공원-1,방잇골어린이공원,1.17E+18,서울특별시 송파구 방이동 70,,서울특별시 송파구 올림픽로32길 29,127.1102778,37.51333333,공원명,,,,,,,,,,,,,,,,,,,
양천구-금실어린이공원-1,금실어린이공원,1.15E+18,서울특별시 양천구 신월동 985,,서울특별시 양천구 지양로 21,126.8373242,37.51831061,공원명,,,,,,,,,,,,,,,,,,,
양천구-신대어린이공원,양천구-신대어린이공원,,서울특별시 양천구 신월동 100-1,,서울특별시 양천구 곰달래로9길 59-4,126.8327953,37.53479193,상세위치,,,,,,,,,,,,,,,,,,,
강남구-궁마을근린공원-1,궁마을근린공원,,서울특별시 강남구 수서동 522-4,,서울특별시 강남구 광평로 202,127.0954556,37.48382803,공원명,,,,,,,,,,,,,,,,,,,
서울대공원-서울대공원-57,서울대공원,,경기도 과천시 막계동 703-2,,,127.0175278,37.42555556,공원명,,,,,,,,,,,,,,,,,,,
양천구-오솔길근린공원-1,오솔길근린공원,,서울특별시 양천구 신월동 974-1,,서울특별시 양천구 남부순환로70길 17-15,126.8361111,37.52083333,공원명,,,,,,,,,,,,,,,,,,,
서울대공원-서울대공원-39,서울대공원,,경기도 과천시 막계동 산 65-136,,,127.026,37.42827778,공원명,,,,,,,,,,,,,,,,,,,
서울대공원-서울대공원-46,서울대공원,,경기도 과천시 막계동 662,,,127.0209444,37.42641667,공원명,,,,,,,,,,,,,,,,,,,
강남구-수서까치공원-1,수서까치공원,1.17E+18,서울특별시 강남구 수서동 736,,서울특별시 강남구 광평로47길 17,127.0980833,37.48719444,공원명,,,,,,,,,,,,,,,,,,,
송파구-평화어린이공원-1,평화어린이공원,1.17E+18,서울특별시 송파구 방이동 42-1,,서울특별시 송파구 올림픽로34길 5-16,127.1120337,37.51626503,공원명,,,,,,,,,,,,,,,,,,,
서울대공원-서울대공원-4,서울대공원,,경기도 과천시 막계동 687-2,,,127.0183363,37.42538497,공원명,,,,,,,,,,,,,,,,,,,
양천구-신오근린공원,양천구-신오어린이공원,,서울특별시 양천구 신월동 73-2,,서울특별시 양천구 남부순환로33길 38,126.8315189,37.5382959,양천구-신오근린공원,,,,,,,,,,,,,,,,,,,
서울대공원-서울대공원-47,서울대공원,,경기도 과천시 막계동 668,,,127.0215556,37.42638889,공원명,,,,,,,,,,,,,,,,,,,
서울대공원-서울대공원-52,서울대공원,,경기도 과천시 막계동 665,,,127.0201667,37.42588889,공원명,,,,,,,,,,,,,,,,,,,
송파구-아름어린이공원-1,아름어린이공원,1.17E+18,서울특별시 송파구 석촌동 291-14,,서울특별시 송파구 백제고분로40길 19-6,127.1070604,37.50330507,공원명,,,,,,,,,,,,,,,,,,,
중부녹지-캠핑숲공원-1,중랑캠핑숲,,서울특별시 중랑구 망우동 산 30-61,,,127.1143743,37.60558955,공원명,,,,,,,,,,,,,,,,,,,
한강사업본부-한강공원(광나루)-11,한강공원(광나루),1.17E+18,서울특별시 강동구 천호동 480-8,,,127.1188889,37.54305556,공원명,,,,,,,,,,,,,,,,,,,
서초구-헌인릉공원-2,헌인릉공원,,서울특별시 서초구 내곡동 1-3079,1.17E+21,서울특별시 서초구 헌인릉길 36-10,127.0819167,37.46541667,공원명,,,,,,,,,,,,,,,,,,,
송파구-태양근린공원-1,태양근린공원,1.17E+18,서울특별시 송파구 풍납동 389-1,,서울특별시 송파구 올림픽로43길 26,127.1152031,37.52488788,공원명,,,,,,,,,,,,,,,,,,,
송파구-아랑어린이공원-1,아랑어린이공원,1.17E+18,서울특별시 송파구 송파동 20-11,,서울특별시 송파구 백제고분로43길 7,127.1094444,37.50805556,공원명,,,,,,,,,,,,,,,,,,,
강서구-수명산근린공원-2,수명산근린공원,1.15E+18,서울특별시 강서구 내발산동 745,,서울특별시 강서구 수명로2길 108,126.8291667,37.55083333,공원명,,,,,,,,,,,,,,,,,,,
서울대공원-서울대공원-19,서울대공원,,경기도 과천시 막계동 890-1,,,127.0221111,37.42583333,공원명,,,,,,,,,,,,,,,,,,,
한강사업본부-한강공원(광나루)-10,한강공원(광나루),1.17E+18,서울특별시 강동구 천호동 483-8,,,127.1197222,37.545,공원명,,,,,,,,,,,,,,,,,,,
양천구-신이어린이공원-1,신이어린이공원,1.15E+18,서울특별시 양천구 신정동 1284-2,,서울특별시 양천구 신정로7길 60-5,126.8377778,37.5125,공원명,,,,,,,,,,,,,,,,,,,
서울대공원-서울대공원-25,서울대공원,,경기도 과천시 막계동 669,,,127.0223333,37.42561111,공원명,,,,,,,,,,,,,,,,,,,
노원구-당고계지구공원-1,당고개지구공원,,서울특별시 노원구 상계동 113-2,,,127.0771389,37.66902778,공원명,,,,,,,,,,,,,,,,,,,
도봉구-다락원체육공원-1,다락원체육공원,1.13E+18,서울특별시 도봉구 도봉동 8,,서울특별시 도봉구 창포원로 45,127.0474118,37.69153569,공원명,,,,,,,,,,,,,,,,,,,
서울대공원-서울대공원-9,서울대공원,,경기도 과천시 막계동 890-1,,,127.0193056,37.42441667,공원명,,,,,,,,,,,,,,,,,,,
도봉구-다락원체육공원-2,다락원체육공원,1.13E+18,서울특별시 도봉구 도봉동 8,,서울특별시 도봉구 창포원로 45,127.0473772,37.69164372,공원명,,,,,,,,,,,,,,,,,,,
중랑구-구릉근린공원-1,구릉근린공원,,서울특별시 중랑구 신내동 223,,서울특별시 중랑구 신내역로1길 164,127.1115206,37.6173003,공원명,,,,,,,,,,,,,,,,,,,
송파구-송파근린공원-1,송파근린공원,1.17E+18,서울특별시 송파구 송파동 113-2,,서울특별시 송파구 백제고분로42길 5,127.1097222,37.50638889,공원명,,,,,,,,,,,,,,,,,,,
한강사업본부-한강공원(광나루)-9,한강공원(광나루),1.17E+18,서울특별시 강동구 천호동 483-8,,,127.1204577,37.54599887,공원명,,,,,,,,,,,,,,,,,,,
송파구-송파나루공원-10,송파나루공원,1.17E+18,서울특별시 송파구 잠실동 47,,서울특별시 송파구 석촌호수로 197,127.0977915,37.50805559,공원명,,,,,,,,,,,,,,,,,,,
서울대공원-서울대공원-56,서울대공원,,경기도 과천시 막계동 산 20-1,,,127.015728,37.43508656,공원명,,,,,,,,,,,,,,,,,,,
노원구-종달새어린이공원-1,노원구-종달새어린이공원-1,1.14E+18,서울특별시 노원구 상계동 636,,서울특별시 노원구 수락산로 131,127.0620774,37.66815773,종달새어린이공원,,,,,,,,,,,,,,,,,,,
송파구-송파나루공원-6,송파나루공원,1.17E+18,서울특별시 송파구 잠실동 47,,서울특별시 송파구 석촌호수로 197,127.0979947,37.50708507,공원명,,,,,,,,,,,,,,,,,,,
서울대공원-서울대공원-60,서울대공원,,경기도 과천시 막계동 362-5,4.13E+21,,127.0069995,37.43196104,공원명,,,,,,,,,,,,,,,,,,,
구로구-고척근린공원-1,고척근린공원,,서울특별시 구로구 고척동 164-129,,서울특별시 구로구 고척로52가길 58,126.8527778,37.50361111,공원명,,,,,,,,,,,,,,,,,,,
구로구-고척근린공원-4,고척근린공원,1.15E+18,서울특별시 구로구 고척동 산 9-14,,서울특별시 구로구 고척로41길 38-6,126.8518992,37.50523629,공원명,,,,,,,,,,,,,,,,,,,
서울대공원-서울대공원-45,서울대공원,,경기도 과천시 막계동 357,,,127.00925,37.43238889,공원명,,,,,,,,,,,,,,,,,,,
노원구-천보어린이공원-1,천보어린이공원,,서울특별시 노원구 중계동 366,,서울특별시 노원구 중계로 184,127.0786944,37.65216667,공원명,,,,,,,,,,,,,,,,,,,
구로구-고척근린공원-2,고척근린공원,,서울특별시 구로구 고척동 산 9-14,,서울특별시 구로구 고척로45길 39,126.8513889,37.50583333,공원명,,,,,,,,,,,,,,,,,,,
구로구-고척근린공원-5,고척근린공원,,서울특별시 구로구 고척동 산 9-14,,서울특별시 구로구 고척로43길 15,126.8519587,37.50424062,공원명,,,,,,,,,,,,,,,,,,,
금천구-남서울공원-1,남서울공원,,서울특별시 금천구 시흥동 986-4,,서울특별시 금천구 시흥대로 155,126.9021285,37.44840022,공원명,,,,,,,,,,,,,,,,,,,
노원구-정담공원-1,정담공원,1.14E+18,서울특별시 노원구 중계동 364-4,,서울특별시 노원구 중계로 169,127.0807466,37.65034175,공원명,,,,,,,,,,,,,,,,,,,
구로구-고척근린공원-6,고척근린공원,1.15E+18,서울특별시 구로구 고척동 164-129,,서울특별시 구로구 고척로52가길 76,126.8521986,37.50331936,공원명,,,,,,,,,,,,,,,,,,,
강서구-궁산공원-1,궁산공원,,서울특별시 강서구 마곡동 8-1,,서울특별시 강서구 양천로47길 54,126.8380556,37.57277778,공원명,,,,,,,,,,,,,,,,,,,
서초구-청계산 수변공원-1,서초구-청계산 수변공원-1,,서울특별시 서초구 신원동 298-1,,,127.0529064,37.45165923,공원명,,,,,,,,,,,,,,,,,,,
노원구-꿈나라어린이공원-1,꿈나라어린이공원,,서울특별시 노원구 중계동 358-1,,서울특별시 노원구 덕릉로76길 29,127.076833,37.65579889,공원명,,,,,,,,,,,,,,,,,,,
서울대공원-서울대공원-22,서울대공원,,경기도 과천시 막계동 889-11,,경기도 과천시 광명로 181,127.0168611,37.4335,공원명,,,,,,,,,,,,,,,,,,,
강서구-버들공원-1,버들공원,,서울특별시 강서구 화곡동 424-30,,서울특별시 강서구 곰달래로19가길 16-12,126.8413889,37.53111111,공원명,,,,,,,,,,,,,,,,,,,
금천-풍림어린이공원-1,금천-풍림어린이공원-1,,서울특별시 금천구 시흥동 1026-3,,서울특별시 금천구 시흥대로 165,126.901769,37.44760644,공원,,,,,,,,,,,,,,,,,,,
송파구-송파나루공원-3,송파나루공원,1.17E+18,서울특별시 송파구 잠실동 47,,서울특별시 송파구 석촌호수로 197,127.0998477,37.50703502,공원명,,,,,,,,,,,,,,,,,,,
도봉구-도봉천-1,무수천,1.13E+18,서울특별시 도봉구 도봉동 86-4,,서울특별시 도봉구 도봉로180길 6-83,127.0480514,37.6805374,공원명,,,,,,,,,,,,,,,,,,,
도봉구-서원어린이공원-1,서원어린이공원,1.13E+18,서울특별시 도봉구 도봉동 576-25,,서울특별시 도봉구 도봉로177길 76-5,127.0432222,37.68386111,공원명,,,,,,,,,,,,,,,,,,,
송파구-석촌어린이공원-1,석촌어린이공원,1.17E+18,서울특별시 송파구 석촌동 54-1,,서울특별시 송파구 백제고분로33길 32-20,127.0998055,37.50592621,공원명,,,,,,,,,,,,,,,,,,,
양천구-계남1근린공원-2,계남1근린공원,,서울특별시 양천구 신정동 521,,서울특별시 양천구 신정로13가길 36,126.8458425,37.51407669,공원명,,,,,,,,,,,,,,,,,,,
서울대공원-서울대공원-2,서울대공원,,경기도 과천시 막계동 산 118-3,,,127.0106667,37.43063889,공원명,,,,,,,,,,,,,,,,,,,
도봉구-누원어린이공원-1,누원어린이공원,,서울특별시 도봉구 도봉동 87,,서울특별시 도봉구 도봉로180길 6-119,127.05,37.68027778,공원명,,,,,,,,,,,,,,,,,,,
금천구-참새공원-1,참새공원,,서울특별시 금천구 독산동 1088-2,,서울특별시 금천구 한내로 55,126.8869444,37.45694444,공원명,,,,,,,,,,,,,,,,,,,
서울대공원-서울대공원-42,서울대공원,,경기도 과천시 막계동 439,,,127.0166389,37.43202778,공원명,,,,,,,,,,,,,,,,,,,
금천-중앙어린이공원-1,금천-중앙어린이공원-1,,서울특별시 금천구 시흥동 1027-2,,서울특별시 금천구 시흥대로 165,126.9013996,37.44639924,공원,,,,,,,,,,,,,,,,,,,
노원구-무궁화어린이공원-1,무궁화어린이공원,,서울특별시 노원구 상계동 135-78,,서울특별시 노원구 한글비석로46길 44,127.0694167,37.66547222,공원명,,,,,,,,,,,,,,,,,,,
송파구-송파나루공원-8,송파나루공원,1.17E+18,서울특별시 송파구 신천동 32,,서울특별시 송파구 잠실로 180,127.1033333,37.51166667,공원명,,,,,,,,,,,,,,,,,,,
양천구-계남1근린공원-1,계남1근린공원,,서울특별시 양천구 신정동 1288-2,,서울특별시 양천구 신정로13가길 30,126.8450712,37.51363977,공원명,,,,,,,,,,,,,,,,,,,
금천구-꾸러기공원-1,꾸러기공원,1.15E+18,서울특별시 금천구 시흥동 943-29,,서울특별시 금천구 시흥대로34길 17,126.9058497,37.44318432,공원명,,,,,,,,,,,,,,,,,,,
서울대공원-서울대공원-5,서울대공원,,경기도 과천시 막계동 532,,,127.0135833,37.43030556,공원명,,,,,,,,,,,,,,,,,,,
노원구-갓바위어린이공원-1,노원구-갓바위어린이공원-1,1.14E+18,서울특별시 노원구 중계동 369-6,,서울특별시 노원구 한글비석로14길 8,127.0788675,37.65760923,공원,,,,,,,,,,,,,,,,,,,
서울대공원-서울대공원-44,서울대공원,,경기도 과천시 막계동 552,,,127.0152222,37.43008333,공원명,,,,,,,,,,,,,,,,,,,
서부녹지-서울식물원-3,서부녹지-서울식물원-3,1.15E+18,서울특별시 강서구 마곡동 812,,서울특별시 강서구 마곡동로 161,126.8347189,37.57082842,공원,,,,,,,,,,,,,,,,,,,
한강사업본부-한강공원(광나루)-14,한강공원(광나루),,서울특별시 송파구 풍납동 45-3,,,127.1122797,37.53705114,공원명,,,,,,,,,,,,,,,,,,,
송파구-송파나루공원-7,송파나루공원,1.17E+18,서울특별시 송파구 신천동 32,,서울특별시 송파구 잠실로 180,127.105,37.51222222,공원명,,,,,,,,,,,,,,,,,,,
송파구-오봉산어린이공원-1,오봉산어린이공원,1.17E+18,서울특별시 송파구 석촌동 162,,서울특별시 송파구 석촌호수로20길 13,127.10248,37.5061741,공원명,,,,,,,,,,,,,,,,,,,
도봉구-무지개어린이공원-1,무지개어린이공원,,서울특별시 도봉구 도봉동 570-13,,서울특별시 도봉구 도봉산1길 39,127.0451046,37.68557916,공원명,,,,,,,,,,,,,,,,,,,
서울대공원-서울대공원-43,서울대공원,,경기도 과천시 막계동 554,,,127.016,37.42997222,공원명,,,,,,,,,,,,,,,,,,,
금천구-비둘기공원-1,비둘기공원,,서울특별시 금천구 시흥동 947-1,,서울특별시 금천구 시흥대로26길 44,126.9063179,37.44151915,공원명,,,,,,,,,,,,,,,,,,,
서울대공원-서울대공원-11,서울대공원,,경기도 과천시 막계동 567,,,127.0169722,37.43013889,공원명,,,,,,,,,,,,,,,,,,,
서울대공원-서울대공원-26,서울대공원,,경기도 과천시 막계동 609-1,,,127.0141951,37.42916504,공원명,,,,,,,,,,,,,,,,,,,
송파구-송파나루공원-1,송파나루공원,1.17E+18,서울특별시 송파구 신천동 32,,서울특별시 송파구 잠실로 180,127.1055556,37.5125,공원명,,,,,,,,,,,,,,,,,,,
송파구-석촌고분군-2,석촌고분군,1.17E+18,서울특별시 송파구 석촌동 246-3,,서울특별시 송파구 백제고분로36길 20,127.1016667,37.50305556,공원명,,,,,,,,,,,,,,,,,,,
서울대공원-서울대공원-13,서울대공원,,경기도 과천시 막계동 557,,,127.0164276,37.42956629,공원명,,,,,,,,,,,,,,,,,,,
서울대공원-서울대공원-55,서울대공원,,경기도 과천시 막계동 605,,,127.0152222,37.42891667,공원명,,,,,,,,,,,,,,,,,,,
한강사업본부-한강공원(광나루)-15,한강공원(광나루),,서울특별시 송파구 풍납동 45-3,,,127.1136366,37.53841438,공원명,,,,,,,,,,,,,,,,,,,
중부녹지-캠핑숲공원-8,중랑캠핑숲,,서울특별시 중랑구 망우동 56,,서울특별시 중랑구 송림길 160,127.1098177,37.60600169,상세주소,,,,,,,,,,,,,,,,,,,
중부녹지-캠핑숲공원-7,중랑캠핑숲,,서울특별시 중랑구 망우동 56,,서울특별시 중랑구 송림길 160,127.1097426,37.60627321,상세위치,,,,,,,,,,,,,,,,,,,
송파구-송파나루공원-2,송파나루공원,1.17E+18,서울특별시 송파구 송파동 32,,서울특별시 송파구 석촌호수로 272,127.1054853,37.51023128,공원명,,,,,,,,,,,,,,,,,,,
노원구-샘터어린이공원-1,샘터어린이공원,,서울특별시 노원구 상계동 1255-1,,서울특별시 노원구 동일로245길 162,127.0536904,37.68151429,공원명,,,,,,,,,,,,,,,,,,,
노원구-노원골지구공원-1,노원구-노원골지구공원-1,1.14E+18,서울특별시 노원구 상계동 산 62-5,,,127.0626531,37.67522889,공원명,,,,,,,,,,,,,,,,,,,
광진구-광진교-2,광진교,1.17E+18,서울특별시 강동구 천호동 484-9,,,127.115,37.54411111,공원명,,,,,,,,,,,,,,,,,,,
송파구-풍납동토성-1,풍납동토성,1.17E+18,서울특별시 송파구 풍납동 203-19,,서울특별시 송파구 풍성로 6,127.1136111,37.53555556,공원명,,,,,,,,,,,,,,,,,,,
중부녹지-캠핑숲공원-4,중랑캠핑숲,,서울특별시 중랑구 망우동 76,,서울특별시 중랑구 망우로87길 110,127.1105833,37.605,공원명,,,,,,,,,,,,,,,,,,,
송파구-석촌고분군-1,석촌고분군,1.17E+18,서울특별시 송파구 석촌동 244-17,,서울특별시 송파구 가락로5길 17,127.1017862,37.50101147,공원명,,,,,,,,,,,,,,,,,,,
서울대공원-서울대공원-18,서울대공원,,경기도 과천시 막계동 603,,,127.0168056,37.42861111,공원명,,,,,,,,,,,,,,,,,,,
구로구-개봉동과장미공원-1,개봉동과장미공원,,서울특별시 구로구 개봉동 345-15,,서울특별시 구로구 개봉로11길 28-8,126.8546755,37.48828804,공원명,,,,,,,,,,,,,,,,,,,
서울대공원-서울대공원-12,서울대공원,,경기도 과천시 막계동 628,,,127.0158216,37.42801345,공원명,,,,,,,,,,,,,,,,,,,
도봉구-새동네어린이공원-1,새동네어린이공원,,서울특별시 도봉구 도봉동 286-1,,서울특별시 도봉구 도봉산4길 28-3,127.0430158,37.68890939,공원명,,,,,,,,,,,,,,,,,,,
중부녹지-캠핑숲공원-3,중랑캠핑숲,,서울특별시 중랑구 망우동 56,,서울특별시 중랑구 송림길 172,127.1104843,37.60661542,공원명,,,,,,,,,,,,,,,,,,,
한강사업본부-한강공원(광나루)-13,한강공원(광나루),,서울특별시 송파구 풍납동 49-2,,,127.1149708,37.54035891,공원명,,,,,,,,,,,,,,,,,,,
강동구-달님어린이공원-1,달님어린이공원,1.17E+18,서울특별시 강동구 길동 405-11,,서울특별시 강동구 천호대로185길 52-5,127.142,37.53611111,공원명,,,,,,,,,,,,,,,,,,,
송파구-한샘어린이공원-1,한샘어린이공원,1.17E+18,서울특별시 송파구 문정동 66-1,,서울특별시 송파구 송파대로14길 7-20,127.125,37.48472222,공원명,,,,,,,,,,,,,,,,,,,
송파구-글샘근린공원-1,글샘근린공원,1.17E+18,서울특별시 송파구 문정동 625,,,127.1216667,37.47861111,공원명,,,,,,,,,,,,,,,,,,,
구로구-온수체육공원-1,온수체육공원,1.15E+18,서울특별시 구로구 온수동 산 10-4,,서울특별시 구로구 부일로1길 42,126.8198037,37.49310167,공원명,,,,,,,,,,,,,,,,,,,
송파구-오금공원-4,오금공원,1.17E+18,서울특별시 송파구 오금동 51,,서울특별시 송파구 동남로 271,127.1333333,37.50055556,공원명,,,,,,,,,,,,,,,,,,,
송파구-개롱공원-1,개롱공원,1.17E+18,서울특별시 송파구 가락동 195,,서울특별시 송파구 동남로 178,127.1307716,37.49352517,공원명,,,,,,,,,,,,,,,,,,,
강동구-샘물어린이공원-1,샘물어린이공원,1.17E+18,서울특별시 강동구 명일동 348-3,,서울특별시 강동구 천중로51길 108,127.145,37.54555556,공원명,,,,,,,,,,,,,,,,,,,
강동구-염주골어린이공원-1,염주골어린이공원,,서울특별시 강동구 명일동 327-5,,서울특별시 강동구 양재대로138길 37,127.1457099,37.54972557,공원명,,,,,,,,,,,,,,,,,,,
강동구-둔촌어린이공원-1,둔촌어린이공원,1.17E+18,서울특별시 강동구 둔촌동 79-3,,서울특별시 강동구 명일로 140,127.1436111,37.53138889,공원명,,,,,,,,,,,,,,,,,,,
강동구-샛마을공원-1,샛마을공원,,서울특별시 강동구 명일동 28,,서울특별시 강동구 고덕로46길 71,127.1463889,37.55194444,공원명,,,,,,,,,,,,,,,,,,,
강동구-무궁화어린이공원-1,무궁화어린이공원,,서울특별시 강동구 길동 340-17,,서울특별시 강동구 양재대로124길 62,127.1454395,37.54227957,공원명,,,,,,,,,,,,,,,,,,,
송파구-문정공원-3,문정공원,1.17E+18,서울특별시 송파구 문정동 91-17,,서울특별시 송파구 송이로30길 35,127.1282229,37.48622965,공원명,,,,,,,,,,,,,,,,,,,
서부녹지-푸른수목원-2,푸른수목원,1.15E+18,서울특별시 구로구 항동 31,,서울특별시 구로구 연동로 240,126.8233333,37.482,공원명,,,,,,,,,,,,,,,,,,,
강동구-샛마을공원-3,샛마을공원,1.17E+18,서울특별시 강동구 명일동 293-11,,서울특별시 강동구 구천면로 431-14,127.1466667,37.55111111,공원명,,,,,,,,,,,,,,,,,,,
송파구-문정공원-2,문정공원,1.17E+18,서울특별시 송파구 문정동 17-8,,서울특별시 송파구 문정로 59,127.1292639,37.48673769,공원명,,,,,,,,,,,,,,,,,,,
송파구-아랫말어린이공원-1,아랫말어린이공원,1.17E+18,서울특별시 송파구 오금동 124-3,,서울특별시 송파구 성내천로 39,127.1372222,37.50472222,공원명,,,,,,,,,,,,,,,,,,,
송파구-샛팽이공원-1,샛팽이어린이공원,1.17E+18,서울특별시 송파구 가락동 170-6,,서울특별시 송파구 오금로42길 15,127.1341294,37.49684812,공원명,,,,,,,,,,,,,,,,,,,
강동구-샛마을공원-2,샛마을공원,,서울특별시 강동구 명일동 15,,서울특별시 강동구 고덕로 210,127.147544,37.55090507,공원명,,,,,,,,,,,,,,,,,,,
송파구-연화공원-1,연화공원,1.17E+18,서울특별시 송파구 문정동 92,,서울특별시 송파구 새말로15길 17-5,127.1290451,37.48522947,공원명,,,,,,,,,,,,,,,,,,,
강동구-고덕레미안힐스테이트공원-1,고덕레미안힐스테이트공원,1.17E+18,서울특별시 강동구 고덕동 688,,서울특별시 강동구 아리수로50길 50,127.1488889,37.55805556,공원명,,,,,,,,,,,,,,,,,,,
송파구-문현어린이공원-1,문현어린이공원,1.17E+18,서울특별시 송파구 장지동 838-1,,서울특별시 송파구 충민로 115,127.1282894,37.48135799,공원명,,,,,,,,,,,,,,,,,,,
송파구-희망어린이공원-1,희망어린이공원,1.17E+18,서울특별시 송파구 문정동 102-15,,서울특별시 송파구 송이로36길 15,127.1311111,37.48583333,공원명,,,,,,,,,,,,,,,,,,,
송파구-투구봉공원-1,투구봉공원,1.17E+18,서울특별시 송파구 가락동 185-1,,서울특별시 송파구 문정로13길 11-13,127.1353339,37.49399002,공원명,,,,,,,,,,,,,,,,,,,
강동구-원터근린공원-1,원터근린공원,1.17E+18,서울특별시 강동구 명일동 38,,서울특별시 강동구 명일로 376,127.1502778,37.55194444,공원명,,,,,,,,,,,,,,,,,,,
송파구-문정공원-1,문정공원,1.17E+18,서울특별시 송파구 문정동 145,,서울특별시 송파구 송이로31길 56,127.1355027,37.49185431,공원명,,,,,,,,,,,,,,,,,,,
송파구-벌말어린이공원-1,벌말어린이공원,1.17E+18,서울특별시 송파구 오금동 138,,서울특별시 송파구 성내천로 87,127.1400081,37.50180565,공원명,,,,,,,,,,,,,,,,,,,
송파구-성내천 음수대-1,성내천 음수대,1.17E+18,서울특별시 송파구 오금동 143-9,,서울특별시 송파구 성내천로14길 3-15,127.1395197,37.50043634,공원명,,,,,,,,,,,,,,,,,,,
송파구-꿈나무어린이공원-1,꿈나무어린이공원,1.17E+18,서울특별시 송파구 오금동 114-1,,서울특별시 송파구 마천로27길 8-4,127.1410763,37.50319249,공원명,,,,,,,,,,,,,,,,,,,
강동구-두레근린공원-1,두레근린공원,1.17E+18,서울특별시 강동구 고덕동 645,,서울특별시 강동구 동남로81길 96,127.1519444,37.55861111,공원명,,,,,,,,,,,,,,,,,,,
강동구-허브체험공원-1,허브체험공원,1.17E+18,서울특별시 강동구 둔촌동 575-3,,서울특별시 강동구 천호대로 1260,127.1509626,37.5364203,공원명,,,,,,,,,,,,,,,,,,,
강동구-송림근린공원-1,송림근린공원,1.17E+18,서울특별시 강동구 고덕동 313,,서울특별시 강동구 고덕로 227,127.1533333,37.55555556,공원명,,,,,,,,,,,,,,,,,,,
강동구-일자산공원-2,일자산공원,1.17E+18,서울특별시 강동구 둔촌동 산 140,,서울특별시 강동구 동남로 660,127.1511111,37.53277778,공원명,,,,,,,,,,,,,,,,,,,
강동구-꿈나래어린이공원-1,꿈나래어린이공원,1.17E+18,서울특별시 강동구 고덕동 535-7,,서울특별시 강동구 동남로85길 48,127.1541667,37.56083333,공원명,,,,,,,,,,,,,,,,,,,
강동구-일자산공원-1,일자산공원,1.17E+18,서울특별시 강동구 둔촌동 산 119,,,127.1516667,37.53388889,공원명,,,,,,,,,,,,,,,,,,,
동부녹지-길동생태공원-1,길동생태공원,,서울특별시 강동구 길동 476,,서울특별시 강동구 천호대로 1291,127.1533333,37.53916667,공원명,,,,,,,,,,,,,,,,,,,
송파구-거여공원-1,거여공원,1.17E+18,서울특별시 송파구 거여동 12,,서울특별시 송파구 오금로57길 15,127.1419444,37.49638889,공원명,,,,,,,,,,,,,,,,,,,
강동구-일자산공원-3,일자산공원,,서울특별시 강동구 둔촌동 산 86,,,127.1538889,37.53694444,공원명,,,,,,,,,,,,,,,,,,,
송파구-영풍어린이공원-1,영풍어린이공원,1.17E+18,서울특별시 송파구 거여동 17-1,,서울특별시 송파구 거마로3길 23,127.1424951,37.49511157,공원명,,,,,,,,,,,,,,,,,,,
송파구-마천공원-2,마천공원,1.17E+18,서울특별시 송파구 마천동 13-5,,서울특별시 송파구 거마로27길 42,127.1452778,37.50138889,공원명,,,,,,,,,,,,,,,,,,,
송파구-마천공원-1,마천공원,1.17E+18,서울특별시 송파구 마천동 11,,서울특별시 송파구 성내천로23길 12,127.1458341,37.50132751,공원명,,,,,,,,,,,,,,,,,,,
서부녹지-서서울호수공원-8,서부녹지-서서울호수공원-8,,서울특별시 양천구 신월동 149-20,,,126.8284219,37.5262706,상세위치,,,,,,,,,,,,,,,,,,,
송파구-옛동산어린이공원-1,옛동산어린이공원,,서울특별시 송파구 방이동 121,,서울특별시 송파구 오금로23길 9-5,127.1157091,37.50952136,공원명,,,,,,,,,,,,,,,,,,,
서부녹지-서서울호수공원-7,서서울호수공원,1.15E+18,서울특별시 양천구 신월동 149-20,,서울특별시 양천구 남부순환로64길 26,126.8282175,37.52652677,공원명,,,,,,,,,,,,,,,,,,,
서울대공원-서울대공원-16,서울대공원,,경기도 과천시 막계동 산 77-2,,,127.0235497,37.42087446,공원명,,,,,,,,,,,,,,,,,,,
한강사업본부-한강시민공원-2,한강시민공원,1.15E+18,서울특별시 강서구 방화동 13-1,,,126.8244179,37.58293812,공원명,,,,,,,,,,,,,,,,,,,
서부녹지-서서울호수공원-3,서서울호수공원,1.15E+18,서울특별시 양천구 신월동 149-20,,서울특별시 양천구 남부순환로64길 26,126.8284334,37.52484473,공원명,,,,,,,,,,,,,,,,,,,
노원구-갈월어린이 공원-1,갈월어린이 공원,1.14E+18,서울특별시 노원구 상계동 68-12,,서울특별시 노원구 덕릉로124가길 29,127.0831993,37.66987789,공원명,,,,,,,,,,,,,,,,,,,
구로구-서해안로주민쉼터-1,서해안로주민쉼터,1.15E+18,서울특별시 구로구 오류동 85-12,,서울특별시 구로구 오류로 86,126.8411341,37.49232797,공원명,,,,,,,,,,,,,,,,,,,
서부녹지-서서울호수공원-2,서서울호수공원,1.15E+18,서울특별시 양천구 신월동 149-20,,서울특별시 양천구 남부순환로64길 26,126.828224,37.52484805,공원명,,,,,,,,,,,,,,,,,,,
서울대공원-서울대공원-8,서울대공원,,경기도 과천시 막계동 875,,,127.02175,37.41930556,공원명,,,,,,,,,,,,,,,,,,,
강동구-성내하니공원-1,성내하니공원,1.17E+18,서울특별시 강동구 성내동 533,,서울특별시 강동구 성내로3가길 71,127.126694,37.52949126,공원명,,,,,,,,,,,,,,,,,,,
한강사업본부-한강시민공원-3,한강시민공원,1.15E+18,서울특별시 강서구 방화동 15-16,,,126.8236111,37.58361111,공원명,,,,,,,,,,,,,,,,,,,
송파구-올림픽공원-2,올림픽공원,1.17E+18,서울특별시 송파구 방이동 88-3,,,127.1208333,37.52111111,공원명,,,,,,,,,,,,,,,,,,,
송파구-곰말어린이공원-1,곰말어린이공원,,서울특별시 송파구 방이동 139,,서울특별시 송파구 가락로39길 11,127.1178257,37.51189317,공원명,,,,,,,,,,,,,,,,,,,
동부녹지-천호해공공원-1,천호해공공원,1.17E+18,서울특별시 강동구 천호동 360,,서울특별시 강동구 올림픽로 702,127.1261111,37.545,공원명,,,,,,,,,,,,,,,,,,,
동부녹지-천호해공공원-2,천호해공공원,1.17E+18,서울특별시 강동구 천호동 360,,서울특별시 강동구 올림픽로 702,127.1261111,37.54472222,공원명,,,,,,,,,,,,,,,,,,,
송파구-한양공원-1,한양공원,1.17E+18,서울특별시 송파구 송파동 151,,서울특별시 송파구 가락로 192,127.1152778,37.50416667,공원명,,,,,,,,,,,,,,,,,,,
서울대공원-서울대공원-61,서울대공원,,경기도 과천시 막계동 794,4.13E+21,,127.0250058,37.41937953,공원명,,,,,,,,,,,,,,,,,,,
동부녹지-천호해공공원-3,천호해공공원,1.17E+18,서울특별시 강동구 천호동 362,,서울특별시 강동구 천중로12길 27,127.1267707,37.54391208,공원명,,,,,,,,,,,,,,,,,,,
한강사업본부-한강시민공원-4,한강시민공원,1.15E+18,서울특별시 강서구 방화동 18-2,,,126.8224669,37.58388912,공원명,,,,,,,,,,,,,,,,,,,
송파구-올림픽공원-18,올림픽공원,1.17E+18,서울특별시 송파구 방이동 88-3,,,127.1227778,37.52333333,공원명,,,,,,,,,,,,,,,,,,,
송파구-올림픽공원-14,올림픽공원,1.17E+18,서울특별시 송파구 방이동 88-22,,,127.1208333,37.51666667,공원명,,,,,,,,,,,,,,,,,,,
송파구-올림픽공원-16,올림픽공원,1.17E+18,서울특별시 송파구 방이동 88-3,,,127.1230556,37.52388889,공원명,,,,,,,,,,,,,,,,,,,
강동구-성내천어린이공원-1,성내천어린이공원,1.17E+18,서울특별시 강동구 성내동 463-3,,서울특별시 강동구 성내로6가길 34-5,127.1238889,37.52694444,공원명,,,,,,,,,,,,,,,,,,,
송파구-올림픽공원-15,올림픽공원,1.17E+18,서울특별시 송파구 방이동 88-3,,서울특별시 송파구 올림픽로 424,127.1213889,37.518,공원명,,,,,,,,,,,,,,,,,,,
송파구-배밭어린이공원-1,배밭어린이공원,1.17E+18,서울특별시 송파구 송파동 177-8,,서울특별시 송파구 송파대로36길 31-14,127.1154304,37.50154792,공원명,,,,,,,,,,,,,,,,,,,
송파구-방이고분군-1,방이고분군,1.17E+18,서울특별시 송파구 방이동 125,,서울특별시 송파구 오금로 219,127.1180526,37.50760456,공원명,,,,,,,,,,,,,,,,,,,
서울대공원-서울대공원-15,서울대공원,,경기도 과천시 막계동 산 82,,,127.0245,37.41816667,공원명,,,,,,,,,,,,,,,,,,,
송파구-올림픽공원-6,올림픽공원,1.17E+18,서울특별시 송파구 방이동 88-3,,서울특별시 송파구 올림픽로 424,127.1236111,37.52388889,공원명,,,,,,,,,,,,,,,,,,,
서울대공원-서울대공원-14,서울대공원,,경기도 과천시 막계동 811,,,127.0238889,37.41783333,공원명,,,,,,,,,,,,,,,,,,,
강서구-옹기골공원-1,옹기골공원,,서울특별시 강서구 방화동 839,,서울특별시 강서구 방화대로48길 40,126.8205556,37.57361111,공원명,,,,,,,,,,,,,,,,,,,
구로구-연지소공원-1,연지소공원,1.15E+18,서울특별시 구로구 천왕동 7-37,,서울특별시 구로구 오리로 1083,126.8435411,37.4822665,공원명,,,,,,,,,,,,,,,,,,,
강동구-천사어린이공원-1,천사어린이공원,1.17E+18,서울특별시 강동구 천호동 363-5,,서울특별시 강동구 천중로12길 23-23,127.1283333,37.54388889,공원명,,,,,,,,,,,,,,,,,,,
강동구-동산어린이공원-1,동산어린이공원,1.17E+18,서울특별시 강동구 천호동 305,,서울특별시 강동구 구천면로41길 79,127.1297222,37.54722222,공원명,,,,,,,,,,,,,,,,,,,
강남구-행복공원-1,행복공원,1.17E+18,서울특별시 강남구 세곡동 601,,서울특별시 강남구 헌릉로569길 41,127.0971111,37.46719444,공원명,,,,,,,,,,,,,,,,,,,
강동구-새장터어린이공원-1,새장터어린이공원,1.17E+18,서울특별시 강동구 암사동 468-2,,서울특별시 강동구 암사1가길 16,127.1306728,37.55202752,공원명,,,,,,,,,,,,,,,,,,,
강동구-암사역사공원-1,암사역사공원,1.17E+18,서울특별시 강동구 암사동 192,,서울특별시 강동구 올림픽로 874,127.1311296,37.55870347,공원명,,,,,,,,,,,,,,,,,,,
강동구-샛별어린이공원-1,샛별어린이공원,1.17E+18,서울특별시 강동구 성내동 565,,서울특별시 강동구 성내로14길 18,127.1269444,37.52722222,공원명,,,,,,,,,,,,,,,,,,,
송파구-올림픽공원-10,올림픽공원,1.17E+18,서울특별시 송파구 방이동 88-2,,,127.1244444,37.518,공원명,,,,,,,,,,,,,,,,,,,
강동구-암사역사공원-2,암사역사공원,1.17E+18,서울특별시 강동구 암사동 197-4,,서울특별시 강동구 올림픽로 864,127.131583,37.55860574,공원명,,,,,,,,,,,,,,,,,,,
송파구-훼미리공원-1,훼미리공원,1.17E+18,서울특별시 송파구 문정동 150,,서울특별시 송파구 중대로 24,127.1133333,37.49027778,공원명,,,,,,,,,,,,,,,,,,,
송파구-올림픽공원-1,올림픽공원,1.17E+18,서울특별시 송파구 방이동 88-2,,,127.1255556,37.52027778,공원명,,,,,,,,,,,,,,,,,,,
한강사업본부-한강시민공원-5,한강시민공원,1.15E+18,서울특별시 강서구 방화동 25,,,126.8188889,37.58555556,공원명,,,,,,,,,,,,,,,,,,,
송파구-올림픽공원-7,올림픽공원,1.17E+18,서울특별시 송파구 방이동 88-2,,,127.1267297,37.52260162,공원명,,,,,,,,,,,,,,,,,,,
강동구-천호동성당-1,천호동성당,,서울특별시 강동구 천호동 397-413,,서울특별시 강동구 구천면로 236-1,127.1311111,37.54138889,공원명,,,,,,,,,,,,,,,,,,,
강서구-방화대교 남단-1,방화대교 남단,,서울특별시 강서구 방화동 48-3,,,126.818,37.58527778,공원명,,,,,,,,,,,,,,,,,,,
강동구-고분다리어린이공원-1,고분다리어린이공원,1.17E+18,서울특별시 강동구 천호동 300,,서울특별시 강동구 구천면로39길 23,127.1319444,37.54555556,공원명,,,,,,,,,,,,,,,,,,,
송파구-호돌이어린이공원-1,호돌이어린이공원,1.17E+18,서울특별시 송파구 문정동 150,,서울특별시 송파구 중대로 24,127.1133478,37.48745734,공원명,,,,,,,,,,,,,,,,,,,
구로구-버들어린이공원-1,버들어린이공원,,서울특별시 구로구 천왕동 277-7,,서울특별시 구로구 천왕로 42,126.8393738,37.48155599,공원명,,,,,,,,,,,,,,,,,,,
강동구-안말어린이공원-1,안말어린이공원,1.17E+18,서울특별시 강동구 성내동 511-11,,서울특별시 강동구 성안로13길 45-10,127.1299053,37.53152379,공원명,,,,,,,,,,,,,,,,,,,
한강사업본부-한강시민공원-6,한강시민공원,1.15E+18,서울특별시 강서구 방화동 47,,서울특별시 강서구 양천로27길 279-23,126.8174169,37.5859038,공원명,,,,,,,,,,,,,,,,,,,
서초구-새쟁이공원-1,새쟁이어린이공원,1.17E+18,서울특별시 서초구 신원동 9-2,,서울특별시 서초구 새정3길 2,127.068731,37.43551041,공원명,,,,,,,,,,,,,,,,,,,
송파구-임금샘어린이공원-1,임금샘어린이공원,1.17E+18,서울특별시 송파구 방이동 189,,서울특별시 송파구 양재대로71길 20-10,127.1250225,37.51097544,공원명,,,,,,,,,,,,,,,,,,,
구로구-수른어린이공원-1,수른어린이공원,1.15E+18,서울특별시 구로구 궁동 279-7,,서울특별시 구로구 오리로 1302-5,126.8296136,37.49792364,공원명,,,,,,,,,,,,,,,,,,,
송파구-봉우리어린이공원-1,봉우리어린이공원,1.17E+18,서울특별시 송파구 가락동 85,,서울특별시 송파구 양재대로62길 32-13,127.1192063,37.49654858,공원명,,,,,,,,,,,,,,,,,,,
강서구-쌈지어린이공원-1,쌈지어린이공원,1.15E+18,서울특별시 강서구 방화동 268-6,,서울특별시 강서구 양천로24길 43,126.8152778,37.57138889,공원명,,,,,,,,,,,,,,,,,,,
송파구-올림픽공원-4,올림픽공원,,서울특별시 송파구 방이동 88-2,,,127.1266259,37.51505467,공원명,,,,,,,,,,,,,,,,,,,
구로구-연지공원-1,연지공원,,서울특별시 구로구 천왕동 274,,서울특별시 구로구 천왕로 21,126.8391667,37.47888889,공원명,,,,,,,,,,,,,,,,,,,
구로구-천왕근린공원-1,천왕근린공원,,서울특별시 구로구 천왕동 276,,,126.8408333,37.47555556,공원명,,,,,,,,,,,,,,,,,,,
송파구-호순이어린이공원-1,호순이어린이공원,1.17E+18,서울특별시 송파구 문정동 150,,서울특별시 송파구 중대로 24,127.1170203,37.48985341,공원명,,,,,,,,,,,,,,,,,,,
구로구-연지공원-2,연지공원,1.15E+18,서울특별시 구로구 천왕동 274-2,,서울특별시 구로구 천왕로 29,126.8381296,37.47963365,공원명,,,,,,,,,,,,,,,,,,,
강동구-당말어린이공원-1,당말어린이공원,1.17E+18,서울특별시 강동구 천호동 170-2,,서울특별시 강동구 성안로25길 40,127.1333333,37.53888889,공원명,,,,,,,,,,,,,,,,,,,
강남구-방죽소공원-1,방죽소공원,,서울특별시 강남구 율현동 354,,서울특별시 강남구 밤고개로24길 34,127.1065805,37.47239348,공원명,,,,,,,,,,,,,,,,,,,
송파구-올림픽공원-9,올림픽공원,1.17E+18,서울특별시 송파구 방이동 88-2,,서울특별시 송파구 올림픽로 424,127.1283333,37.51611111,공원명,,,,,,,,,,,,,,,,,,,
송파구-올림픽공원-13,올림픽공원,1.17E+18,서울특별시 송파구 방이동 88-2,,,127.1272222,37.5125,공원명,,,,,,,,,,,,,,,,,,,
송파구-방죽어린이공원-1,방죽어린이공원,,서울특별시 송파구 가락동 28,,서울특별시 송파구 송이로15길 34,127.1227752,37.50081559,공원명,,,,,,,,,,,,,,,,,,,
송파구-샛별어린이공원-1,샛별어린이공원,1.17E+18,서울특별시 송파구 가락동 52-6,,서울특별시 송파구 송이로21길 33-27,127.1216667,37.49777778,공원명,,,,,,,,,,,,,,,,,,,
송파구-올림픽공원-11,올림픽공원,1.17E+18,서울특별시 송파구 방이동 88-2,,,127.128,37.51388889,공원명,,,,,,,,,,,,,,,,,,,
강서구-방화공원-1,방화공원,,서울특별시 강서구 방화동 855,,서울특별시 강서구 금낭화로 176,126.8141667,37.58083333,공원명,,,,,,,,,,,,,,,,,,,
강동구-보람어린이공원-1,보람어린이공원,1.17E+18,서울특별시 강동구 성내동 444-17,,서울특별시 강동구 양재대로85길 63,127.1313889,37.525,공원명,,,,,,,,,,,,,,,,,,,
강동구-볕우물공원-1,볕우물공원,1.17E+18,서울특별시 강동구 암사동 453-4,,서울특별시 강동구 고덕로24길 19-7,127.1361111,37.55361111,공원명,,,,,,,,,,,,,,,,,,,
송파구-올림픽공원-5,올림픽공원,1.17E+18,서울특별시 송파구 방이동 88,,서울특별시 송파구 올림픽로 424,127.1297222,37.51694444,공원명,,,,,,,,,,,,,,,,,,,
강동구-천일어린이공원-1,천일어린이공원,1.17E+18,서울특별시 강동구 천호동 87-26,,서울특별시 강동구 구천면로42길 60,127.1363889,37.545,공원명,,,,,,,,,,,,,,,,,,,
송파구-홍이공원-1,홍이공원,1.17E+18,서울특별시 송파구 가락동 15,,서울특별시 송파구 송이로17길 50-16,127.125,37.50111111,공원명,,,,,,,,,,,,,,,,,,,
강동구-구암어린이공원-1,구암어린이공원,1.17E+18,서울특별시 강동구 암사동 449-15,,서울특별시 강동구 고덕로27길 43,127.1377778,37.55666667,공원명,,,,,,,,,,,,,,,,,,,
송파구-가락공원-1,가락공원,1.17E+18,서울특별시 송파구 가락동 37,,서울특별시 송파구 양재대로64길 42,127.1244444,37.49888889,공원명,,,,,,,,,,,,,,,,,,,
송파구-가락공원-2,가락공원,1.17E+18,서울특별시 송파구 가락동 37,,서울특별시 송파구 양재대로64길 42,127.1239722,37.49766667,공원명,,,,,,,,,,,,,,,,,,,
강동구-성안어린이공원-1,성안어린이공원,1.17E+18,서울특별시 강동구 성내동 405-18,,서울특별시 강동구 양재대로97길 41,127.135,37.53138889,공원명,,,,,,,,,,,,,,,,,,,
강서구-방화공원-2,방화공원,,서울특별시 강서구 방화동 855,,서울특별시 강서구 금낭화로 176,126.8119444,37.5825,공원명,,,,,,,,,,,,,,,,,,,
송파구-가락공원-3,가락공원,1.17E+18,서울특별시 송파구 가락동 37,,서울특별시 송파구 중대로 179,127.125,37.49805556,공원명,,,,,,,,,,,,,,,,,,,
송파구-가야금어린이공원-1,가야금어린이공원,1.17E+18,서울특별시 송파구 오금동 22,,서울특별시 송파구 위례성대로22나길 27,127.1294444,37.50861111,공원명,,,,,,,,,,,,,,,,,,,
송파구-큰솔어린이공원-1,큰솔어린이공원,1.17E+18,서울특별시 송파구 오금동 48-2,,서울특별시 송파구 중대로27길 9,127.1278629,37.50406648,공원명,,,,,,,,,,,,,,,,,,,
강동구-성심어린이공원-1,성심어린이공원,,서울특별시 강동구 길동 386-1,1.17E+21,서울특별시 강동구 천중로40길 66,127.1375802,37.53830777,공원명,,,,,,,,,,,,,,,,,,,
구로구-온수도시자연공원-1,온수도시자연공원,1.15E+18,서울특별시 구로구 온수동 9-44,,서울특별시 구로구 부일로7길 38,126.8249528,37.49476491,공원명,,,,,,,,,,,,,,,,,,,
동부녹지-율현공원-6,율현공원,1.17E+18,서울특별시 강남구 율현동 45-2,,,127.11475,37.47636111,공원명,,,,,,,,,,,,,,,,,,,
송파구-건너말공원-1,건너말공원,1.17E+18,서울특별시 송파구 가락동 110,,서울특별시 송파구 중대로10길 29,127.1238889,37.49194444,공원명,,,,,,,,,,,,,,,,,,,
송파구-안산골어린이공원-1,안산골어린이공원,1.17E+18,서울특별시 송파구 가락동 152-3,,서울특별시 송파구 송이로23길 46-10,127.1266694,37.497796,공원명,,,,,,,,,,,,,,,,,,,
동부녹지-율현공원-5,율현공원,1.17E+18,서울특별시 강남구 율현동 165-2,,서울특별시 강남구 밤고개로21길 50,127.1130556,37.47244444,공원명,,,,,,,,,,,,,,,,,,,
동부녹지-율현공원-1,율현공원,1.17E+18,서울특별시 강남구 율현동 146-19,,,127.1133889,37.47263889,공원명,,,,,,,,,,,,,,,,,,,
동부녹지-율현공원-3,율현공원,1.17E+18,서울특별시 강남구 율현동 165-1,,,127.1132478,37.47230057,공원명,,,,,,,,,,,,,,,,,,,
동부녹지-율현공원-7,율현공원,1.17E+18,서울특별시 강남구 율현동 170-1,,,127.1133519,37.47239105,공원명,,,,,,,,,,,,,,,,,,,
서부녹지-푸른수목원-1,푸른수목원,1.15E+18,서울특별시 구로구 항동 산 23-2,,서울특별시 구로구 연동로 266-143,126.828,37.48555556,공원명,,,,,,,,,,,,,,,,,,,
강동구-혜림어린이공원-1,혜림어린이공원,1.17E+18,서울특별시 강동구 천호동 47-23,,서울특별시 강동구 천중로39길 77,127.14,37.54444444,공원명,,,,,,,,,,,,,,,,,,,
동부녹지-율현공원-4,율현공원,1.17E+18,서울특별시 강남구 율현동 165-3,,,127.1134156,37.47210732,공원명,,,,,,,,,,,,,,,,,,,
송파구-문정법조단지공원-1,문정법조단지공원,1.17E+18,서울특별시 송파구 문정동 399-1,,,127.1197222,37.48166667,공원명,,,,,,,,,,,,,,,,,,,
송파구-복숭아어린이공원-1,복숭아어린이공원,1.17E+18,서울특별시 송파구 오금동 25-7,,서울특별시 송파구 마천로11길 3,127.1313889,37.50666667,공원명,,,,,,,,,,,,,,,,,,,
동부녹지-율현공원-2,율현공원,,서울특별시 강남구 율현동 56,,서울특별시 강남구 밤고개로21길 91,127.1159244,37.47466637,공원명,,,,,,,,,,,,,,,,,,,
송파구-백토공원-1,백토공원,1.17E+18,서울특별시 송파구 오금동 6,,서울특별시 송파구 양재대로72길 47-8,127.1327778,37.50805556,공원명,,,,,,,,,,,,,,,,,,,
송파구-반딧불어린이공원-1,반딧불어린이공원,1.17E+18,서울특별시 송파구 문정동 47-2,,서울특별시 송파구 송파대로22길 18-6,127.1241142,37.48788418,공원명,,,,,,,,,,,,,,,,,,,
송파구-오금공원-2,오금공원,1.17E+18,서울특별시 송파구 오금동 51,,서울특별시 송파구 동남로 271,127.1305556,37.50194444,공원명,,,,,,,,,,,,,,,,,,,
송파구-오금공원-3,오금공원,1.17E+18,서울특별시 송파구 오금동 51,,서울특별시 송파구 동남로 271,127.1311111,37.50333333,공원명,,,,,,,,,,,,,,,,,,,
송파구-수정어린이공원-1,수정어린이공원,1.17E+18,서울특별시 송파구 문정동 24-3,,서울특별시 송파구 동남로6나길 11-11,127.1262126,37.48900402,공원명,,,,,,,,,,,,,,,,,,,
강동구-희망어린이공원-1,희망어린이공원,1.17E+18,서울특별시 강동구 길동 365-1,,서울특별시 강동구 천중로50길 48-12,127.142,37.53888889,공원명,,,,,,,,,,,,,,,,,,,
송파구-오동나무어린이공원-1,오동나무어린이공원,1.17E+18,서울특별시 송파구 오금동 84,,서울특별시 송파구 중대로34길 9-17,127.1338257,37.506325,공원명,,,,,,,,,,,,,,,,,,,
송파구-오금공원-1,오금공원,1.17E+18,서울특별시 송파구 오금동 51,,서울특별시 송파구 동남로 271,127.1316667,37.50055556,공원명,,,,,,,,,,,,,,,,,,,
강동구-암사정수센터 교차로 샘터-1,암사정수센터 교차로 샘터,1.17E+18,서울특별시 강동구 암사동 산 40-16,,,127.1441137,37.55923456,공원명,,,,,,,,,,,,,,,,,,,
강동구-고덕수변생태공원-1,고덕수변생태공원,1.17E+18,서울특별시 강동구 고덕동 365-9,,,127.1569444,37.57,공원명,,,,,,,,,,,,,,,,,,,
강동구-방죽근린공원-1,방죽근린공원,1.17E+18,서울특별시 강동구 고덕동 296,,서울특별시 강동구 동남로82길 94-58,127.1588889,37.55694444,공원명,,,,,,,,,,,,,,,,,,,
송파구-향나무어린이공원-1,향나무어린이공원,1.17E+18,서울특별시 송파구 거여동 293,,서울특별시 송파구 양산로4길 8,127.1441667,37.48972222,공원명,,,,,,,,,,,,,,,,,,,
송파구-용마어린이공원-1,용마어린이공원,1.17E+18,서울특별시 송파구 마천동 44-8,,서울특별시 송파구 거마로24길 10,127.1486111,37.49972222,공원명,,,,,,,,,,,,,,,,,,,
강동구-하늬어린이공원-1,하늬어린이공원,1.17E+18,서울특별시 강동구 상일동 174,,서울특별시 강동구 상암로 331,127.1597222,37.54611111,공원명,,,,,,,,,,,,,,,,,,,
송파구-개미어린이공원-1,개미어린이공원,1.17E+18,서울특별시 송파구 거여동 28,,서울특별시 송파구 오금로62길 10,127.1464168,37.49230887,공원명,,,,,,,,,,,,,,,,,,,
강동구-샘터근린공원-1,샘터근린공원,1.17E+18,서울특별시 강동구 고덕동 258,,서울특별시 강동구 동남로82길 69,127.1608333,37.56111111,공원명,,,,,,,,,,,,,,,,,,,
송파구-배미골어린이공원-1,배미골어린이공원,1.17E+18,서울특별시 송파구 거여동 291,,서울특별시 송파구 양산로8길 24,127.1470061,37.49089774,공원명,,,,,,,,,,,,,,,,,,,
강동구-한우물어린이공원-1,한우물어린이공원,1.17E+18,서울특별시 강동구 고덕동 238-7,,서울특별시 강동구 아리수로72길 60-19,127.1627778,37.56138889,공원명,,,,,,,,,,,,,,,,,,,
강동구-동명공원-5,동명공원,1.17E+18,서울특별시 강동구 고덕동 247-2,,서울특별시 강동구 아리수로78길 16,127.1641667,37.56194444,공원명,,,,,,,,,,,,,,,,,,,
강동구-동명공원-2,동명공원,1.17E+18,서울특별시 강동구 고덕동 228-1,,서울특별시 강동구 아리수로78길 43-20,127.1644444,37.56111111,공원명,,,,,,,,,,,,,,,,,,,
강동구-명린근린공원-1,명린근린공원,1.17E+18,서울특별시 강동구 상일동 185,,,127.1650721,37.54960181,공원명,,,,,,,,,,,,,,,,,,,
강동구-동명공원-3,동명공원,1.17E+18,서울특별시 강동구 고덕동 215,,서울특별시 강동구 고덕로83길 55,127.1661111,37.55916667,공원명,,,,,,,,,,,,,,,,,,,
강동구-동명공원-1,동명공원,1.17E+18,서울특별시 강동구 고덕동 215,,서울특별시 강동구 고덕로83길 55,127.1661111,37.55916667,공원명,,,,,,,,,,,,,,,,,,,
강동구-동명공원-4,동명공원,1.17E+18,서울특별시 강동구 고덕동 215,,서울특별시 강동구 고덕로83길 55,127.1686311,37.56015094,공원명,,,,,,,,,,,,,,,,,,,
송파구-천마공원-1,천마공원,,서울특별시 송파구 마천동 582,,서울특별시 송파구 성내천로37길 37,127.1583333,37.50027778,공원명,,,,,,,,,,,,,,,,,,,
강동구-말우물어린이공원-1,말우물어린이공원,1.17E+18,서울특별시 강동구 고덕동 179-4,,서울특별시 강동구 상일로21길 14-8,127.1697222,37.56,공원명,,,,,,,,,,,,,,,,,,,
송파구-천마공원-2,천마공원,,서울특별시 송파구 마천동 산 2,,서울특별시 송파구 성내천로35길 53,127.1605556,37.5,공원명,,,,,,,,,,,,,,,,,,,
송파구-천상어린이공원-1,천상어린이공원,1.17E+18,서울특별시 송파구 마천동 605,,서울특별시 송파구 성내천로47길 22,127.1586111,37.49388889,공원명,,,,,,,,,,,,,,,,,,,
강동구-게내수변공원-1,게내수변공원,,서울특별시 강동구 고덕동 201-4,,서울특별시 강동구 상일로 125,127.1715024,37.55799346,공원명,,,,,,,,,,,,,,,,,,,
강동구-능골근린공원-1,능골근린공원,,서울특별시 강동구 상일동 536,,,127.1744304,37.55641744,공원명,,,,,,,,,,,,,,,,,,,
광암정수-광암정수장-1,광암정수장,4.15E+18,경기도 하남시 광암동 378,,경기도 하남시 서하남로 293,127.1738889,37.51972222,공원명,,,,,,,,,,,,,,,,,,,
광암정수-광암정수장-2,광암정수장,4.15E+18,경기도 하남시 광암동 202,,경기도 하남시 서하남로 293,127.1741667,37.51916667,공원명,,,,,,,,,,,,,,,,,,,
